word,pos,prepos,nxtpos,ontotag,onto-BIO,onto-predict,dict-tag,dict-score,dict-BIO,tag,bio
[,NN,start,NN,NA,B,NA,0,0,B,na,B
i,NN,NN,VB,NA,B,NA,0,0,B,na,B
be,VB,NN,RB,NA,B,NA,0,0,B,na,B
currently,RB,VB,IN,Temporal_Concept,B,NA,0,0,B,na,B
on,IN,RB,CD,NA,B,NA,0,0,B,na,B
100mg,CD,IN,NN,NA,B,NA,4,11,B,h,B
quetiapine,NN,CD,TO,Pharmacologic_Substance,B,NA,0,0,B,m,i
to,TO,NN,VB,Spatial_Concept,I,NA,0,0,B,na,B
see,VB,TO,IN,Activity,B,NA,0,0,B,na,B
if,IN,VB,PRP,NA,B,NA,0,0,B,na,B
it,PRP,IN,VBZ,NA,B,NA,0,0,B,na,B
help,VBZ,PRP,TO,Intellectual_Product,B,NA,0,0,B,na,B
to,TO,VBZ,VB,Spatial_Concept,I,NA,0,0,B,na,B
stabilise,VB,TO,PRP$,NA,B,NA,0,0,B,na,B
my,PRP$,VB,NNS,NA,B,NA,0,0,B,na,B
moods,NNS,PRP$,.,Mental_Process,B,NA,0,0,B,na,B
.,.,NNS,end,NA,B,NA,0,0,B,na,B
i,JJ,start,VBP,NA,B,NA,0,0,B,na,B
become,VBP,JJ,RB,NA,B,NA,0,0,B,na,B
too,RB,VBP,JJ,Finding,B,NA,0,0,B,na,B
'high,JJ,RB,'',NA,B,NA,0,0,B,na,i
','',JJ,IN,NA,B,NA,0,0,B,na,B
after,IN,'',JJ,Temporal_Concept,B,NA,4,10,B,h,B
try,JJ,IN,NN,NA,B,NA,0,0,B,na,B
ssris,NN,JJ,RB,NA,B,NA,0,0,B,na,B
alone,RB,NN,CC,Finding,B,NA,0,0,B,na,B
and,CC,RB,DT,Idea_or_Concept,B,NA,4,0,B,na,B
the,DT,CC,NN,NA,B,NA,4,0,B,na,B
quetiapine,NN,DT,VBP,Pharmacologic_Substance,B,NA,0,0,B,m,B
have,VBP,NN,RB,Qualitative_Concept,B,NA,0,0,B,na,B
really,RB,VBP,VB,NA,B,NA,0,0,B,na,B
help,VB,RB,PRP,Intellectual_Product,B,NA,0,0,B,na,B
me,PRP,VB,TO,NA,B,NA,0,0,B,na,B
to,TO,PRP,VB,Spatial_Concept,I,NA,0,0,B,na,B
overcome,VB,TO,DT,Activity,B,NA,0,0,B,na,B
this,DT,VB,.,Eukaryote,B,NA,4,0,B,na,B
.,.,DT,end,NA,B,NA,0,0,B,na,B
however,RB,start,JJ,NA,B,NA,4,0,B,na,B
i,JJ,RB,VB,NA,B,NA,0,0,B,na,B
be,VB,JJ,RB,NA,B,NA,0,0,B,na,B
now,RB,VB,RB,Temporal_Concept,B,NA,0,0,B,na,B
just,RB,RB,VB,NA,B,NA,0,0,B,na,B
feel,VB,RB,RB,Sign_or_Symptom,B,symptom,0,0,B,na,B
really,RB,VB,RB,NA,B,NA,0,0,B,na,B
quite,RB,RB,JJ,NA,B,NA,0,0,B,na,B
low,JJ,RB,CC,Finding,I,NA,4,4,B,h,i
and,CC,JJ,JJ,Idea_or_Concept,B,NA,4,0,B,na,B
i,JJ,CC,VB,NA,B,NA,0,0,B,na,B
be,VB,JJ,VBN,NA,B,NA,0,0,B,na,B
struggle,VBN,VB,.,NA,B,NA,0,0,B,na,B
.,.,VBN,end,NA,B,NA,0,0,B,na,B
if,IN,start,NNS,NA,B,NA,0,0,B,na,B
i,NNS,IN,VBP,NA,B,NA,0,0,B,na,B
have,VBP,NNS,JJ,Qualitative_Concept,B,NA,0,0,B,na,B
bipolar,JJ,VBP,NN,Mental_or_Behavioral_Dysfunction,B,symptom,0,0,B,s,B
depression,NN,JJ,RB,Mental_or_Behavioral_Dysfunction,I,symptom,1,0,B,s,i
surely,RB,NN,CD,NA,B,NA,0,0,B,na,B
100mg,CD,RB,VB,NA,B,NA,4,11,B,h,B
be,VB,CD,RB,NA,B,NA,0,0,B,na,B
too,RB,VB,JJ,Finding,B,NA,0,0,B,na,B
low,JJ,RB,.,Finding,I,NA,4,4,B,h,i
?,.,JJ,end,NA,B,NA,0,0,B,na,B
i,NN,start,VBP,NA,B,NA,0,0,B,na,B
have,VBP,NN,DT,Qualitative_Concept,B,NA,0,0,B,na,B
an,DT,VBP,NN,NA,B,NA,0,0,B,na,B
appointment,NN,DT,CC,Idea_or_Concept,B,NA,0,0,B,na,B
but,CC,NN,NN,Mental_or_Behavioral_Dysfunction,B,symptom,4,0,B,na,B
i,NN,CC,VBP,NA,B,NA,0,0,B,na,B
want,VBP,NN,TO,NA,B,NA,4,8,B,na,B
to,TO,VBP,VB,Spatial_Concept,I,NA,0,0,B,na,B
chat,VB,TO,TO,Fish,B,NA,0,0,B,na,B
to,TO,VB,NNS,Spatial_Concept,I,NA,0,0,B,na,B
people,NNS,TO,WP,Population_Group,B,NA,0,0,B,na,B
who,WP,NNS,VBP,NA,B,NA,0,0,B,na,B
have,VBP,WP,VB,Qualitative_Concept,B,NA,0,0,B,na,B
be,VB,VBP,VBN,NA,B,NA,0,0,B,na,B
thru,VBN,VB,PRP,NA,B,NA,0,0,B,na,B
it,PRP,VBN,RB,NA,B,NA,0,0,B,na,B
too,RB,PRP,IN,Finding,B,NA,0,0,B,na,B
because,IN,RB,NN,NA,B,NA,0,0,B,na,B
i,NN,IN,RB,NA,B,NA,0,0,B,na,B
just,RB,NN,VB,NA,B,NA,0,0,B,na,B
feel,VB,RB,RB,Sign_or_Symptom,B,symptom,0,0,B,na,B
so,RB,VB,JJ,NA,B,NA,0,0,B,na,B
isolate,JJ,RB,NN,Biologically_Active_Substance,B,NA,4,8,B,h,B
right,NN,JJ,RB,Spatial_Concept,B,NA,4,1,B,h,B
now,RB,NN,.,Temporal_Concept,B,NA,0,0,B,na,i
.,.,RB,end,NA,B,NA,0,0,B,na,B
i,NN,start,VBP,NA,B,NA,0,0,B,na,B
feel,VBP,NN,JJ,Sign_or_Symptom,B,symptom,0,0,B,na,B
abnormal,JJ,VBP,NN,Qualitative_Concept,B,NA,0,0,B,s,B
sadness,NN,JJ,RB,NA,B,NA,3,0,B,d,B
often,RB,NN,IN,Temporal_Concept,B,NA,5,0,B,t,B
with,IN,RB,NN,Qualitative_Concept,B,NA,4,0,B,na,B
weepiness,NN,IN,.,Finding,B,NA,0,0,B,s,B
.,.,NN,end,NA,B,NA,0,0,B,na,B
feel,VB,start,JJ,Sign_or_Symptom,B,symptom,0,0,B,na,B
guilty,JJ,VB,NN,Mental_Process,B,NA,0,0,B,na,B
worthless,NN,JJ,CC,Finding,B,NA,0,0,B,s,B
or,CC,NN,JJ,NA,B,NA,0,0,B,na,B
useless.,JJ,CC,``,NA,B,NA,0,0,B,s,B
``,``,JJ,end,NA,B,NA,0,0,B,na,B
poor,JJ,start,NN,Finding,B,NA,4,5,B,h,B
motivation,NN,JJ,.,Mental_Process,B,NA,0,0,B,na,i
.,.,NN,end,NA,B,NA,0,0,B,na,B
even,RB,start,JJ,NA,B,NA,0,0,B,na,B
simple,JJ,RB,NN,Qualitative_Concept,B,NA,0,0,B,na,B
task,NN,JJ,VBP,Occupational_Activity,B,NA,0,0,B,na,B
seem,VBP,NN,JJ,NA,B,NA,0,0,B,na,B
difficult,JJ,VBP,.,Qualitative_Concept,B,NA,4,3,B,h,B
.,.,JJ,end,NA,B,NA,0,0,B,na,B
i,NNS,start,VBP,NA,B,NA,0,0,B,na,B
have,VBP,NNS,JJ,Qualitative_Concept,B,NA,0,0,B,na,B
poor,JJ,VBP,NN,Finding,B,NA,4,5,B,h,B
concentration,NN,JJ,.,Finding,I,NA,3,0,B,d,i
.,.,NN,end,NA,B,NA,0,0,B,na,B
i,NNS,start,VBP,NA,B,NA,0,0,B,na,B
have,VBP,NNS,VBN,Qualitative_Concept,B,NA,0,0,B,na,B
sleep,VBN,VBP,NNS,Organism_Function,B,symptom,1,0,B,s,B
problemssometimes,NNS,VBN,NN,NA,B,NA,0,0,B,na,i
difficulty,NN,NNS,IN,Qualitative_Concept,B,NA,4,3,B,h,B
in,IN,NN,VB,NA,B,NA,0,0,B,na,B
get,VB,IN,IN,NA,B,NA,0,0,B,na,B
off,IN,VB,TO,Qualitative_Concept,B,NA,0,0,B,na,B
to,TO,IN,VB,Spatial_Concept,I,NA,0,0,B,na,i
sleep,VB,TO,.,Organism_Function,B,symptom,1,0,B,s,i
.,.,VB,end,NA,B,NA,0,0,B,na,B
sometimes,RB,start,VB,Temporal_Concept,B,NA,4,8,B,h,B
wake,VB,RB,JJ,Sign_or_Symptom,B,symptom,0,0,B,s,B
early,JJ,VB,CC,Sign_or_Symptom,I,symptom,0,0,B,na,i
and,CC,JJ,VB,Idea_or_Concept,B,NA,4,0,B,na,B
be,VB,CC,JJ,NA,B,NA,0,0,B,na,B
unable,JJ,VB,TO,Finding,B,NA,0,0,B,na,B
to,TO,JJ,VB,Spatial_Concept,I,NA,0,0,B,na,i
get,VB,TO,RB,NA,B,NA,0,0,B,na,i
back,RB,VB,TO,Body_Location_or_Region,B,organ,4,1,B,h,i
to,TO,RB,NN,Spatial_Concept,I,NA,0,0,B,na,i
sleep,NN,TO,.,Organism_Function,B,symptom,1,0,B,s,i
.,.,NN,end,NA,B,NA,0,0,B,na,B
lack,NN,start,IN,Qualitative_Concept,B,NA,4,8,B,h,B
in,IN,NN,NN,NA,B,NA,0,0,B,na,i
energy,NN,IN,RB,Quantitative_Concept,B,NA,0,0,B,na,i
always,RB,NN,VB,Temporal_Concept,B,NA,0,0,B,na,B
feel,VB,RB,NN,Sign_or_Symptom,B,symptom,0,0,B,na,B
tire,NN,VB,.,Sign_or_Symptom,I,symptom,1,0,B,s,B
.,.,NN,end,NA,B,NA,0,0,B,na,B
difficulty,NN,start,IN,Qualitative_Concept,B,NA,4,3,B,h,B
with,IN,NN,NN,Qualitative_Concept,B,NA,4,0,B,na,i
affection,NN,IN,VBP,Mental_Process,B,NA,0,0,B,na,i
include,VBP,NN,VB,Idea_or_Concept,B,NA,0,0,B,na,B
go,VB,VBP,RP,NA,B,NA,0,0,B,na,B
off,RP,VB,NN,Qualitative_Concept,B,NA,0,0,B,na,i
sex,NN,RP,.,Organism_Attribute,B,NA,0,0,B,s,i
.,.,NN,end,NA,B,NA,0,0,B,na,B
poor,JJ,start,NN,Finding,B,NA,4,5,B,h,B
appetite,NN,JJ,CC,Disease_or_Syndrome,B,disease,0,0,B,d,i
and,CC,NN,JJ,Idea_or_Concept,B,NA,4,0,B,na,B
weight,JJ,CC,NN,Finding,B,NA,1,0,B,s,B
loss,NN,JJ,.,Finding,I,NA,1,0,I,s,i
.,.,NN,end,NA,B,NA,0,0,B,na,B
sometimes,RB,start,DT,Temporal_Concept,B,NA,4,8,B,h,B
the,DT,RB,NN,NA,B,NA,4,0,B,na,B
reverse,NN,DT,NN,Functional_Concept,B,NA,0,0,B,na,B
happen,NN,NN,IN,Activity,B,NA,0,0,B,na,B
with,IN,NN,NN,Qualitative_Concept,B,NA,4,0,B,na,B
comfort,NN,IN,NN,Mental_Process,B,NA,0,0,B,na,B
eat,NN,NN,CC,Organism_Function,B,symptom,4,9,B,s,B
and,CC,NN,JJ,Idea_or_Concept,B,NA,4,0,B,na,B
weight,JJ,CC,NN,Finding,B,NA,1,0,B,s,B
gain,NN,JJ,.,Finding,I,NA,1,0,I,s,i
.,.,NN,end,NA,B,NA,0,0,B,na,B
be,VB,start,JJ,NA,B,NA,0,0,B,na,B
irritable,JJ,VB,NN,Finding,B,NA,0,0,B,na,B
agitate,NN,JJ,CC,Sign_or_Symptom,B,symptom,0,0,B,s,i
or,CC,NN,NN,NA,B,NA,0,0,B,na,B
restless.,NN,CC,'',NA,B,NA,0,0,B,s,B
','',NN,end,NA,B,NA,0,0,B,na,B
i,NNS,start,VBP,NA,B,NA,0,0,B,na,B
have,VBP,NNS,VB,Qualitative_Concept,B,NA,0,0,B,na,B
be,VB,VBP,JJ,NA,B,NA,0,0,B,na,B
take,JJ,VB,NN,Health_Care_Activity,B,medication,0,0,B,na,B
lithium,NN,JJ,NN,Pharmacologic_Substance,B,NA,0,0,B,m,B
carbonate,NN,NN,IN,Pharmacologic_Substance,I,NA,0,0,B,m,i
for,IN,NN,RB,Qualitative_Concept,B,NA,0,0,B,na,B
nearly,RB,IN,CD,Qualitative_Concept,B,NA,0,0,B,na,B
eight,CD,RB,NNS,Quantitative_Concept,B,NA,4,7,B,h,B
years,NNS,CD,.,Temporal_Concept,B,NA,5,0,B,t,i
.,.,NNS,end,NA,B,NA,0,0,B,na,B
i,NNS,start,VBP,NA,B,NA,0,0,B,na,B
have,VBP,NNS,RB,Qualitative_Concept,B,NA,0,0,B,na,B
recently,RB,VBP,VBP,Temporal_Concept,B,NA,5,0,B,t,B
have,VBP,RB,PRP$,Qualitative_Concept,B,NA,0,0,B,na,B
my,PRP$,VBP,NNS,NA,B,NA,0,0,B,na,B
meds,NNS,PRP$,RB,NA,B,NA,6,1,B,m,B
up,RB,NNS,TO,Spatial_Concept,B,NA,0,0,B,na,B
to,TO,RB,CD,Spatial_Concept,I,NA,0,0,B,na,B
1000mg,CD,TO,IN,NA,B,NA,4,11,B,h,B
at,IN,CD,NN,Temporal_Concept,B,NA,0,0,B,na,B
night,NN,IN,.,Temporal_Concept,I,NA,5,0,B,t,i
.,.,NN,end,NA,B,NA,0,0,B,na,B
i,NN,start,VBP,NA,B,NA,0,0,B,na,B
suffer,VBP,NN,IN,Mental_or_Behavioral_Dysfunction,B,symptom,0,0,B,na,B
from,IN,VBP,JJ,Qualitative_Concept,B,NA,0,0,B,na,B
severe,JJ,IN,NN,Mental_or_Behavioral_Dysfunction,B,symptom,4,2,B,h,B
recurrent,NN,JJ,NN,Mental_or_Behavioral_Dysfunction,B,symptom,0,0,B,s,i
depression,NN,NN,.,Mental_or_Behavioral_Dysfunction,I,symptom,1,0,B,s,i
.,.,NN,end,NA,B,NA,0,0,B,na,B
feel,VB,start,JJ,Sign_or_Symptom,B,symptom,0,0,B,na,B
abnormal,JJ,VB,NN,Qualitative_Concept,B,NA,0,0,B,s,B
sadness,NN,JJ,RB,NA,B,NA,3,0,B,d,B
often,RB,NN,IN,Temporal_Concept,B,NA,5,0,B,t,B
with,IN,RB,NN,Qualitative_Concept,B,NA,4,0,B,na,B
weepiness,NN,IN,.,Finding,B,NA,0,0,B,s,B
.,.,NN,end,NA,B,NA,0,0,B,na,B
i,NNS,start,VBP,NA,B,NA,0,0,B,na,B
have,VBP,NNS,VBN,Qualitative_Concept,B,NA,0,0,B,na,B
lack,VBN,VBP,IN,Qualitative_Concept,B,NA,4,8,B,h,B
in,IN,VBN,NN,NA,B,NA,0,0,B,na,i
energy,NN,IN,RB,Quantitative_Concept,B,NA,0,0,B,na,i
always,RB,NN,VB,Temporal_Concept,B,NA,0,0,B,na,B
feel,VB,RB,NN,Sign_or_Symptom,B,symptom,0,0,B,na,B
tire,NN,VB,.,Sign_or_Symptom,I,symptom,1,0,B,s,B
.,.,NN,end,NA,B,NA,0,0,B,na,B
i,NNS,start,VBP,NA,B,NA,0,0,B,na,B
have,VBP,NNS,JJ,Qualitative_Concept,B,NA,0,0,B,na,B
regular,JJ,VBP,NN,Qualitative_Concept,B,NA,0,0,B,na,B
blood,NN,JJ,NN,Laboratory_Procedure,B,NA,6,3,B,m,B
test,NN,NN,WRB,Laboratory_Procedure,I,NA,6,3,I,m,i
where,WRB,NN,NN,NA,B,NA,0,0,B,na,B
thyroid,NN,WRB,CC,Body_Part_Organ_or_Organ_Component,B,organ,2,0,B,o,B
and,CC,NN,NN,Idea_or_Concept,B,NA,4,0,B,na,B
liver,NN,CC,NN,Organ_or_Tissue_Function,B,NA,2,0,B,o,B
function,NN,NN,VB,Organ_or_Tissue_Function,I,NA,0,0,B,na,i
be,VB,NN,VBN,NA,B,NA,0,0,B,na,B
check,VBN,VB,.,Activity,B,NA,2,0,B,na,B
.,.,VBN,end,NA,B,NA,0,0,B,na,B
thankyou.,NN,start,'',NA,B,NA,0,0,B,na,B
','',NN,NN,NA,B,NA,0,0,B,na,B
],NN,'',end,NA,B,NA,0,0,B,na,B
[,JJ,start,NN,NA,B,NA,0,0,B,na,B
helli,NN,JJ,.,NA,B,NA,4,5,B,na,B
.,.,NN,end,NA,B,NA,0,0,B,na,B
i,NN,start,VB,NA,B,NA,0,0,B,na,B
be,VB,NN,CD,NA,B,NA,0,0,B,na,B
25,CD,VB,NNS,NA,B,NA,0,0,B,h,B
years,NNS,CD,JJ,Temporal_Concept,B,NA,5,0,B,t,i
old,JJ,NNS,NN,Temporal_Concept,B,NA,4,14,B,h,i
male,NN,JJ,.,Organism_Attribute,B,NA,4,12,B,h,B
.,.,NN,end,NA,B,NA,0,0,B,na,B
for,IN,start,DT,Qualitative_Concept,B,NA,0,0,B,na,B
some,DT,IN,NNS,Quantitative_Concept,B,NA,4,8,B,h,B
days,NNS,DT,VBP,Finding,I,NA,5,0,B,t,i
i,VBP,NNS,VBP,NA,B,NA,0,0,B,na,B
feel,VBP,VBP,NN,Mental_Process,B,NA,0,0,B,na,B
weakness,NN,VBP,IN,Sign_or_Symptom,B,symptom,0,0,B,s,B
in,IN,NN,PRP$,NA,B,NA,0,0,B,na,B
my,PRP$,IN,NN,NA,B,NA,0,0,B,na,B
face,NN,PRP$,IN,Body_Location_or_Region,B,organ,2,0,B,o,B
like,IN,NN,JJ,Mental_Process,B,NA,0,0,B,na,B
loose,JJ,IN,NN,Qualitative_Concept,B,NA,0,0,B,s,B
control,NN,JJ,IN,Conceptual_Entity,B,NA,0,0,B,s,i
over,IN,NN,PRP$,Spatial_Concept,B,NA,0,0,B,na,B
my,PRP$,IN,NN,NA,B,NA,0,0,B,na,B
face,NN,PRP$,.,Body_Location_or_Region,B,organ,2,0,B,o,B
.,.,NN,end,NA,B,NA,0,0,B,na,B
it,PRP,start,VBZ,NA,B,NA,0,0,B,na,B
start,VBZ,PRP,IN,Temporal_Concept,B,NA,0,0,B,na,B
with,IN,VBZ,CD,Qualitative_Concept,B,NA,4,0,B,na,B
one,CD,IN,NN,Quantitative_Concept,B,NA,2,0,B,o,B
side,NN,CD,.,Spatial_Concept,I,NA,4,1,B,h,i
.,.,NN,end,NA,B,NA,0,0,B,na,B
my,PRP$,start,NN,NA,B,NA,0,0,B,na,B
face,NN,PRP$,VB,Body_Location_or_Region,B,organ,2,0,B,o,B
be,VB,NN,VBN,NA,B,NA,0,0,B,na,B
droop,VBN,VB,TO,NA,B,NA,0,0,B,na,B
to,TO,VBN,CD,NA,B,NA,0,0,B,na,B
one,CD,TO,NN,Quantitative_Concept,B,NA,2,0,B,o,B
side,NN,CD,.,Spatial_Concept,I,NA,4,1,B,h,i
.,.,NN,end,NA,B,NA,0,0,B,na,B
when,WRB,start,NN,Temporal_Concept,B,NA,0,0,B,na,B
i,NN,WRB,VBD,NA,B,NA,0,0,B,na,B
smile,VBD,NN,RB,Finding,B,NA,0,0,B,na,B
only,RB,VBD,NN,Quantitative_Concept,B,NA,0,0,B,na,B
half,NN,RB,IN,Quantitative_Concept,B,NA,0,0,B,na,B
of,IN,NN,PRP$,NA,B,NA,0,0,B,na,B
my,PRP$,IN,NN,NA,B,NA,0,0,B,na,B
face,NN,PRP$,MD,Body_Location_or_Region,B,organ,2,0,B,o,B
may,MD,NN,VB,Temporal_Concept,B,NA,5,1,B,na,B
move,VB,MD,.,Organism_Function,B,symptom,0,0,B,s,B
.,.,VB,end,NA,B,NA,0,0,B,na,B
chew,NN,start,NN,Finding,B,NA,0,0,B,na,B
food,NN,NN,IN,Finding,I,NA,0,0,B,s,i
on,IN,NN,DT,NA,B,NA,0,0,B,na,B
the,DT,IN,JJ,NA,B,NA,4,0,B,na,B
affect,JJ,DT,NN,Mental_Process,B,NA,0,0,B,na,B
side,NN,JJ,MD,Spatial_Concept,I,NA,4,1,B,h,i
may,MD,NN,VB,Temporal_Concept,B,NA,5,1,B,na,B
be,VB,MD,DT,NA,B,NA,0,0,B,na,B
a,DT,VB,NN,Intellectual_Product,B,NA,0,0,B,na,B
problem,NN,DT,.,Finding,B,NA,0,0,B,na,B
.,.,NN,end,NA,B,NA,0,0,B,na,B
food,NN,start,VB,Finding,I,NA,0,0,B,na,B
become,VB,NN,NN,NA,B,NA,0,0,B,na,B
trap,NN,VB,IN,Medical_Device,B,device,0,0,B,na,B
between,IN,NN,PRP$,Spatial_Concept,B,NA,0,0,B,na,B
my,PRP$,IN,NN,NA,B,NA,0,0,B,na,B
gum,NN,PRP$,CC,Body_Part_Organ_or_Organ_Component,B,organ,2,0,B,o,B
and,CC,NN,NN,Idea_or_Concept,B,NA,4,0,B,na,B
cheek,NN,CC,.,Body_Location_or_Region,B,organ,2,0,B,o,B
.,.,NN,end,NA,B,NA,0,0,B,na,B
sometimes,RB,start,RB,Temporal_Concept,B,NA,4,8,B,h,B
i,RB,RB,VB,NA,B,NA,0,0,B,na,B
be,VB,RB,RB,NA,B,NA,0,0,B,na,B
not,RB,VB,VB,Functional_Concept,B,NA,4,5,B,h,B
be,VB,RB,JJ,NA,B,NA,0,0,B,na,i
able,JJ,VB,TO,Finding,B,NA,0,0,B,na,i
to,TO,JJ,VB,NA,B,NA,0,0,B,na,B
close,VB,TO,DT,Therapeutic_or_Preventive_Procedure,B,medication,0,0,B,na,B
an,DT,VB,NN,NA,B,NA,0,0,B,na,i
eye,NN,DT,.,Therapeutic_or_Preventive_Procedure,I,medication,2,0,B,o,i
.,.,NN,end,NA,B,NA,0,0,B,na,B
this,DT,start,NN,Eukaryote,B,NA,4,0,B,na,B
cause,NN,DT,DT,Conceptual_Entity,B,NA,0,0,B,na,B
a,DT,NN,NN,Intellectual_Product,B,NA,0,0,B,na,B
watery,NN,DT,NN,Sign_or_Symptom,B,symptom,0,0,B,na,B
eye,NN,NN,.,Therapeutic_or_Preventive_Procedure,I,medication,2,0,B,o,i
.,.,NN,end,NA,B,NA,0,0,B,na,B
and,CC,start,RB,Idea_or_Concept,B,NA,4,0,B,na,B
also,RB,CC,RB,NA,B,NA,0,0,B,na,B
i,RB,RB,VB,NA,B,NA,0,0,B,na,B
be,VB,RB,RB,NA,B,NA,0,0,B,na,B
not,RB,VB,JJ,Functional_Concept,B,NA,4,5,B,na,B
able,JJ,RB,TO,Finding,B,NA,0,0,B,na,B
to,TO,JJ,VB,NA,B,NA,0,0,B,na,B
wrinkle,VB,TO,PRP$,Finding,B,NA,2,0,B,o,B
my,PRP$,VB,NN,NA,B,NA,0,0,B,na,i
forehead.,NN,PRP$,'',NA,B,NA,2,0,B,o,i
','',NN,end,NA,B,NA,0,0,B,na,B
on,IN,start,JJ,NA,B,NA,0,0,B,na,B
wednesday,JJ,IN,CD,Temporal_Concept,B,NA,5,1,B,t,B
15-Jun,CD,JJ,DT,NA,B,NA,0,0,B,h,B
the,DT,CD,NN,NA,B,NA,4,0,B,na,B
day,NN,DT,IN,Temporal_Concept,B,NA,5,0,B,t,B
of,IN,NN,PRP$,NA,B,NA,0,0,B,na,B
my,PRP$,IN,NN,NA,B,NA,0,0,B,na,B
baby,NN,PRP$,IN,Patient_or_Disabled_Group,B,NA,0,0,B,na,B
boy,IN,NN,NN,Age_Group,B,age,0,0,B,na,B
graduation,NN,IN,NNS,Educational_Activity,B,NA,0,0,B,na,B
i,NNS,NN,VBP,NA,B,NA,0,0,B,na,B
wake,VBP,NNS,RP,Pharmacologic_Substance,B,NA,0,0,B,na,B
up,RP,VBP,IN,Pharmacologic_Substance,I,NA,0,0,B,na,i
with,IN,RP,DT,Qualitative_Concept,B,NA,4,0,B,na,B
a,DT,IN,JJ,Intellectual_Product,B,NA,0,0,B,na,B
little,JJ,DT,NN,Intellectual_Product,I,NA,4,4,B,h,i
eye,NN,JJ,NN,Therapeutic_or_Preventive_Procedure,I,medication,2,0,B,o,i
irritation,NN,NN,NNS,Finding,I,NA,0,0,B,na,i
i,NNS,NN,VBP,NA,B,NA,0,0,B,na,B
have,VBP,NNS,RB,Qualitative_Concept,B,NA,0,0,B,na,B
strongly,RB,VBP,VB,NA,B,NA,0,0,B,na,B
believe,VB,RB,PRP,NA,B,NA,0,0,B,na,B
it,PRP,VB,VB,NA,B,NA,0,0,B,na,B
be,VB,PRP,DT,NA,B,NA,0,0,B,na,B
the,DT,VB,NN,NA,B,NA,4,0,B,na,B
eye,NN,DT,VBP,Therapeutic_or_Preventive_Procedure,I,medication,2,0,B,o,B
make,VBP,NN,RP,Intellectual_Product,B,NA,0,0,B,na,B
up,RP,VBP,NN,Pharmacologic_Substance,I,NA,0,0,B,na,B
i,NN,RP,VB,NA,B,NA,0,0,B,na,B
be,VB,NN,JJ,NA,B,NA,0,0,B,na,B
wear,JJ,VB,RB,NA,B,NA,0,0,B,na,B
lately,RB,JJ,IN,NA,B,NA,0,0,B,na,B
since,IN,RB,DT,Temporal_Concept,B,NA,0,0,B,na,B
a,DT,IN,JJ,Intellectual_Product,B,NA,0,0,B,na,B
new,JJ,DT,NN,Qualitative_Concept,B,NA,0,0,B,na,B
hair,NN,JJ,VBP,Body_Part_Organ_or_Organ_Component,B,organ,2,0,B,o,B
do,VBP,NN,VB,NA,B,NA,0,0,B,na,B
be,VB,VBP,IN,NA,B,NA,0,0,B,na,B
in,IN,VB,NN,NA,B,NA,0,0,B,na,B
play,NN,IN,.,Daily_or_Recreational_Activity,B,normal_activity,0,0,B,na,B
.,.,NN,end,NA,B,NA,0,0,B,na,B
later,RB,start,DT,Temporal_Concept,B,NA,4,10,B,h,B
that,DT,RB,NN,NA,B,NA,4,0,B,na,i
day,NN,DT,VBZ,Temporal_Concept,B,NA,5,0,B,t,i
i,VBZ,NN,VBP,NA,B,NA,0,0,B,na,B
have,VBP,VBZ,VB,Qualitative_Concept,B,NA,0,0,B,na,B
take,VB,VBP,DT,Health_Care_Activity,B,medication,0,0,B,na,B
a,DT,VB,NN,Intellectual_Product,B,NA,0,0,B,na,B
group,NN,DT,IN,Typeofification,I,NA,0,0,B,na,i
of,IN,NN,CD,NA,B,NA,0,0,B,na,B
5th,CD,IN,NNS,Quantitative_Concept,B,NA,0,0,B,na,B
graders,NNS,CD,TO,NA,B,NA,0,0,B,na,B
to,TO,NNS,DT,NA,B,NA,0,0,B,na,B
the,DT,TO,NN,NA,B,NA,4,0,B,na,B
newseum,NN,DT,IN,NA,B,NA,0,0,B,na,B
for,IN,NN,DT,Qualitative_Concept,B,NA,0,0,B,na,B
a,DT,IN,NN,Intellectual_Product,B,NA,0,0,B,na,B
field,NN,DT,NN,Conceptual_Entity,B,NA,0,0,B,na,B
trip,NN,NN,IN,Phenomenon_or_Process,B,NA,4,7,B,h,B
as,IN,NN,PRP,NA,B,NA,0,0,B,na,B
we,PRP,IN,VBP,NA,B,NA,0,0,B,na,B
stop,VBP,PRP,TO,Temporal_Concept,B,NA,0,0,B,na,B
to,TO,VBP,VB,NA,B,NA,0,0,B,na,B
eat,VB,TO,IN,Organism_Function,B,symptom,4,9,B,na,B
in,IN,VB,DT,NA,B,NA,0,0,B,na,B
the,DT,IN,NN,NA,B,NA,4,0,B,na,B
food,NN,DT,NN,Finding,I,NA,0,0,B,na,B
court,NN,NN,PRP,Organization,B,NA,0,0,B,na,B
it,PRP,NN,VBD,NA,B,NA,0,0,B,na,B
felt,VBD,PRP,IN,Mental_Process,B,NA,0,0,B,na,B
like,IN,VBD,PRP$,Mental_Process,B,NA,0,0,B,na,B
my,PRP$,IN,NNS,NA,B,NA,0,0,B,na,B
lips,NNS,PRP$,VB,Body_Part_Organ_or_Organ_Component,B,organ,2,0,B,o,B
be,VB,NNS,VBN,NA,B,NA,0,0,B,na,B
swell,VBN,VB,RB,Pathologic_Function,B,NA,1,0,B,s,B
so,RB,VBN,JJ,NA,B,NA,0,0,B,na,B
i,JJ,RB,RB,NA,B,NA,0,0,B,na,B
immediately,RB,JJ,VBN,Temporal_Concept,B,NA,0,0,B,na,B
ranned,VBN,RB,TO,NA,B,NA,0,0,B,na,B
to,TO,VBN,DT,NA,B,NA,0,0,B,na,B
the,DT,TO,NN,NA,B,NA,4,0,B,na,B
restroom,NN,DT,TO,NA,B,NA,0,0,B,na,B
to,TO,NN,VB,NA,B,NA,0,0,B,na,B
check,VB,TO,CC,Activity,B,NA,2,0,B,na,B
and,CC,VB,PRP$,Idea_or_Concept,B,NA,4,0,B,na,B
my,PRP$,CC,NNS,NA,B,NA,0,0,B,na,B
lips,NNS,PRP$,WDT,Body_Part_Organ_or_Organ_Component,B,organ,2,0,B,o,B
which,WDT,NNS,IN,NA,B,NA,0,0,B,na,B
by,IN,WDT,DT,NA,B,NA,0,0,B,na,B
the,DT,IN,NN,NA,B,NA,4,0,B,na,B
way,NN,DT,RB,NA,B,NA,0,0,B,na,B
still,RB,NN,VB,NA,B,NA,0,0,B,na,B
look,VB,RB,JJ,Organism_Attribute,B,NA,0,0,B,na,i
normal,JJ,VB,.,Qualitative_Concept,B,NA,4,6,B,h,i
.,.,JJ,end,NA,B,NA,0,0,B,na,B
i,NN,start,RB,NA,B,NA,0,0,B,na,B
also,RB,NN,VBD,NA,B,NA,0,0,B,na,B
felt,VBD,RB,DT,Mental_Process,B,NA,0,0,B,na,B
some,DT,VBD,NN,Quantitative_Concept,B,NA,4,8,B,na,B
tightness,NN,DT,IN,Qualitative_Concept,B,NA,0,0,B,s,B
on,IN,NN,DT,NA,B,NA,0,0,B,na,B
the,DT,IN,JJ,NA,B,NA,4,0,B,na,B
right,JJ,DT,NN,Spatial_Concept,B,NA,4,1,B,h,B
side,NN,JJ,IN,Spatial_Concept,I,NA,4,1,B,h,i
of,IN,NN,PRP$,NA,B,NA,0,0,B,na,B
my,PRP$,IN,NN,NA,B,NA,0,0,B,na,B
face,NN,PRP$,.,Body_Location_or_Region,B,organ,2,0,B,o,B
.,.,NN,end,NA,B,NA,0,0,B,na,B
later,RB,start,NN,Temporal_Concept,B,NA,4,10,B,na,B
converse,NN,RB,IN,NA,B,NA,0,0,B,na,B
with,IN,NN,DT,Qualitative_Concept,B,NA,4,0,B,na,B
a,DT,IN,NN,Intellectual_Product,B,NA,0,0,B,na,B
co,NN,DT,NN,NA,B,NA,0,0,B,na,B
worker,NN,NN,PRP,Occupation_or_Discipline,B,NA,0,0,B,na,B
she,PRP,NN,VBZ,NA,B,NA,4,13,B,h,B
ask,VBZ,PRP,WRB,NA,B,NA,0,0,B,na,B
why,WRB,VBZ,VB,NA,B,NA,0,0,B,na,B
be,VB,WRB,PRP$,NA,B,NA,0,0,B,na,B
your,PRP$,VB,NN,NA,B,NA,0,0,B,na,B
eye,NN,PRP$,NN,Therapeutic_or_Preventive_Procedure,I,medication,2,0,B,o,B
twitch,NN,NN,IN,Sign_or_Symptom,I,symptom,0,0,B,s,B
like,IN,NN,IN,Mental_Process,B,NA,0,0,B,na,B
that,IN,IN,``,NA,B,NA,4,0,B,na,B
``,``,IN,JJ,NA,B,NA,0,0,B,na,B
i,JJ,``,NN,NA,B,NA,0,0,B,na,B
don\'t,NN,JJ,VBP,NA,B,NA,0,0,B,na,B
know,VBP,NN,'',NA,B,NA,0,0,B,na,B
'','',VBP,JJ,NA,B,NA,0,0,B,na,B
i,JJ,'',NN,NA,B,NA,0,0,B,na,B
reply,NN,JJ,.,NA,B,NA,0,0,B,na,B
.,.,NN,end,NA,B,NA,0,0,B,na,B
i,NN,start,VBP,NA,B,NA,0,0,B,na,B
prepare,VBP,NN,PRP$,Activity,B,NA,0,0,B,na,B
my,PRP$,VBP,NN,NA,B,NA,0,0,B,na,B
son,NN,PRP$,IN,Family_Group,B,NA,4,12,B,h,B
for,IN,NN,PRP$,Qualitative_Concept,B,NA,0,0,B,na,B
his,PRP$,IN,NN,Pharmacologic_Substance,B,NA,4,12,B,na,B
graduation,NN,PRP$,CC,Educational_Activity,B,NA,0,0,B,na,B
and,CC,NN,VB,Idea_or_Concept,B,NA,4,0,B,na,B
go,VB,CC,TO,NA,B,NA,0,0,B,na,B
to,TO,VB,VB,NA,B,NA,0,0,B,na,B
give,VB,TO,PRP,Functional_Concept,B,NA,0,0,B,na,B
him,PRP,VB,DT,NA,B,NA,0,0,B,na,B
a,DT,PRP,NN,Intellectual_Product,B,NA,0,0,B,na,B
kiss,NN,DT,CC,Social_Behavior,B,NA,0,0,B,na,B
and,CC,NN,PRP$,Idea_or_Concept,B,NA,4,0,B,na,B
my,PRP$,CC,NNS,NA,B,NA,0,0,B,na,B
lips,NNS,PRP$,VB,Body_Part_Organ_or_Organ_Component,B,organ,2,0,B,o,B
be,VB,NNS,RB,NA,B,NA,0,0,B,na,B
slightly,RB,VB,VB,Qualitative_Concept,B,NA,4,8,B,h,B
turn,VB,RB,TO,Finding,B,NA,0,0,B,na,i
to,TO,VB,DT,NA,B,NA,0,0,B,na,i
the,DT,TO,NN,NA,B,NA,4,0,B,na,i
leave,NN,DT,.,NA,B,NA,4,1,B,h,i
.,.,NN,end,NA,B,NA,0,0,B,na,B
i,NN,start,VBP,NA,B,NA,0,0,B,na,B
know,VBP,NN,PRP$,NA,B,NA,0,0,B,na,B
my,PRP$,VBP,JJ,NA,B,NA,0,0,B,na,B
next,JJ,PRP$,JJ,Temporal_Concept,B,NA,4,10,B,na,B
stop,JJ,JJ,NN,Temporal_Concept,B,NA,0,0,B,na,B
need,NN,JJ,TO,Qualitative_Concept,B,NA,0,0,B,na,B
to,TO,NN,VB,NA,B,NA,0,0,B,na,B
be,VB,TO,DT,NA,B,NA,0,0,B,na,B
the,DT,VB,NN,NA,B,NA,4,0,B,na,B
er,NN,DT,CC,Laboratory_or_Test_Result,B,labtest,0,0,B,na,B
but,CC,NN,JJ,Mental_or_Behavioral_Dysfunction,B,symptom,4,0,B,na,B
i,JJ,CC,VB,NA,B,NA,0,0,B,na,B
be,VB,JJ,VBN,NA,B,NA,0,0,B,na,B
waiting.,VBN,VB,'',NA,B,NA,0,0,B,na,B
','',VBN,end,NA,B,NA,0,0,B,na,B
my,PRP$,start,NN,NA,B,NA,0,0,B,na,B
doctor,NN,PRP$,VB,Professional_or_Occupational_Group,B,NA,6,2,B,m,B
give,VB,NN,PRP,Functional_Concept,B,NA,0,0,B,na,B
me,PRP,VB,NN,NA,B,NA,0,0,B,na,B
prednisone,NN,PRP,CC,Hormone,B,NA,0,0,B,m,B
and,CC,NN,DT,Idea_or_Concept,B,NA,4,0,B,na,B
a,DT,CC,NN,Intellectual_Product,B,NA,0,0,B,na,B
steroid,NN,DT,CC,Organic_Chemical,B,NA,0,0,B,m,B
and,CC,NN,JJ,Idea_or_Concept,B,NA,4,0,B,na,B
artificial,JJ,CC,NN,Pharmacologic_Substance,B,NA,0,0,B,m,B
tear,NN,JJ,.,Pharmacologic_Substance,I,NA,0,0,B,m,i
.,.,NN,end,NA,B,NA,0,0,B,na,B
my,PRP$,start,NN,NA,B,NA,0,0,B,na,B
mouth,NN,PRP$,VB,Body_Space_or_Junction,B,NA,2,0,B,o,B
be,VB,NN,DT,NA,B,NA,0,0,B,na,B
the,DT,VB,JJS,NA,B,NA,4,0,B,na,B
worst,JJS,DT,CC,Qualitative_Concept,B,NA,4,2,B,h,B
but,CC,JJS,NNS,Mental_or_Behavioral_Dysfunction,B,symptom,4,0,B,na,B
i,NNS,CC,VBP,NA,B,NA,0,0,B,na,B
have,VBP,NNS,RB,Qualitative_Concept,B,NA,0,0,B,na,B
not,RB,VBP,VB,Functional_Concept,B,NA,4,5,B,h,B
experience,VB,RB,DT,Mental_Process,B,NA,0,0,B,na,i
any,DT,VB,NN,Qualitative_Concept,B,NA,0,0,B,na,B
pain,NN,DT,RB,Sign_or_Symptom,B,symptom,1,0,B,s,B
yet,RB,NN,VBN,NA,B,NA,0,0,B,na,B
i,VBN,RB,VBP,NA,B,NA,0,0,B,na,B
have,VBP,VBN,RB,Qualitative_Concept,B,NA,0,0,B,na,B
only,RB,VBP,VB,Quantitative_Concept,B,NA,0,0,B,na,B
be,VB,RB,NN,NA,B,NA,0,0,B,na,B
deal,NN,VB,IN,NA,B,NA,0,0,B,na,B
with,IN,NN,DT,Qualitative_Concept,B,NA,4,0,B,na,B
this,DT,IN,IN,Eukaryote,B,NA,4,0,B,na,B
for,IN,DT,DT,Qualitative_Concept,B,NA,0,0,B,na,B
a,DT,IN,NN,Intellectual_Product,B,NA,0,0,B,na,B
week,NN,DT,.,Temporal_Concept,B,NA,5,0,B,t,B
.,.,NN,end,NA,B,NA,0,0,B,na,B
but,CC,start,JJ,Mental_or_Behavioral_Dysfunction,B,symptom,4,0,B,na,B
i,JJ,CC,NN,NA,B,NA,0,0,B,na,B
eye,NN,JJ,VBP,Therapeutic_or_Preventive_Procedure,I,medication,2,0,B,o,i
tear,VBP,NN,RP,Pharmacologic_Substance,I,NA,0,0,B,na,i
up,RP,VBP,RB,Pharmacologic_Substance,I,NA,0,0,B,na,i
uncontrollably,RB,RP,WDT,NA,B,NA,0,0,B,na,B
which,WDT,RB,VB,NA,B,NA,0,0,B,na,B
be,VB,WDT,VBN,NA,B,NA,0,0,B,na,B
bothersome,VBN,VB,WRB,NA,B,NA,0,0,B,na,B
when,WRB,VBN,NN,Temporal_Concept,B,NA,0,0,B,na,B
try,NN,WRB,TO,NA,B,NA,0,0,B,na,B
to,TO,NN,VB,NA,B,NA,0,0,B,na,B
drive,VB,TO,PRP$,Mental_Process,B,NA,0,0,B,na,B
my,PRP$,VB,NNS,NA,B,NA,0,0,B,na,B
children,NNS,PRP$,RB,Age_Group,B,age,0,0,B,na,B
somewhere,RB,NNS,.,NA,B,NA,0,0,B,na,B
.,.,RB,end,NA,B,NA,0,0,B,na,B
i,NN,start,VB,NA,B,NA,0,0,B,na,B
be,VB,NN,DT,NA,B,NA,0,0,B,na,B
a,DT,VB,JJ,Intellectual_Product,B,NA,0,0,B,na,B
single,JJ,DT,NN,Family_Group,B,NA,0,0,B,h,B
parent,NN,JJ,IN,Family_Group,I,NA,0,0,B,h,i
of,IN,NN,CD,NA,B,NA,0,0,B,na,B
eight,CD,IN,JJS,Quantitative_Concept,B,NA,4,7,B,h,B
oldest,JJS,CD,NN,NA,B,NA,0,0,B,h,B
fifteen,NN,JJS,CC,Quantitative_Concept,B,NA,0,0,B,h,i
and,CC,NN,JJS,Idea_or_Concept,B,NA,4,0,B,na,B
youngest,JJS,CC,CD,NA,B,NA,0,0,B,h,B
three,CD,JJS,CC,Quantitative_Concept,B,NA,0,0,B,h,i
and,CC,CD,RB,Idea_or_Concept,B,NA,4,0,B,na,B
i,RB,CC,VB,NA,B,NA,0,0,B,na,B
be,VB,RB,CD,NA,B,NA,0,0,B,na,B
47yrs,CD,VB,JJ,NA,B,NA,0,0,B,h,B
old,JJ,CD,.,Temporal_Concept,B,NA,4,14,B,h,i
.,.,JJ,end,NA,B,NA,0,0,B,na,B
my,PRP$,start,NN,NA,B,NA,0,0,B,na,B
kid,NN,PRP$,VB,Family_Group,B,NA,0,0,B,na,B
be,VB,NN,PRP$,NA,B,NA,0,0,B,na,B
my,PRP$,VB,JJS,NA,B,NA,0,0,B,na,B
biggest,JJS,PRP$,NNS,NA,B,NA,0,0,B,na,B
supporters,NNS,JJS,.,NA,B,NA,0,0,B,na,B
.,.,NNS,end,NA,B,NA,0,0,B,na,B
but,CC,start,JJ,Mental_or_Behavioral_Dysfunction,B,symptom,4,0,B,na,B
i,JJ,CC,VBP,NA,B,NA,0,0,B,na,B
welcome,VBP,JJ,DT,NA,B,NA,0,0,B,na,B
any,DT,VBP,JJ,Qualitative_Concept,B,NA,0,0,B,na,B
outside,JJ,DT,NN,Spatial_Concept,B,NA,0,0,B,na,B
advice.,NN,JJ,``,NA,B,NA,0,0,B,na,B
``,``,NN,end,NA,B,NA,0,0,B,na,B
since,IN,start,NN,Temporal_Concept,B,NA,0,0,B,na,B
friday,NN,IN,NNS,Temporal_Concept,B,NA,5,1,B,t,B
i,NNS,NN,VBP,NA,B,NA,0,0,B,na,B
have,VBP,NNS,VBP,Qualitative_Concept,B,NA,0,0,B,na,B
have,VBP,VBP,NNS,Qualitative_Concept,B,NA,0,0,B,na,B
problems,NNS,VBP,VBP,Idea_or_Concept,B,NA,3,0,B,d,B
taste,VBP,NNS,NNS,Organ_or_Tissue_Function,B,NA,1,0,B,s,B
things,NNS,VBP,.,Entity,B,NA,4,8,B,h,i
.,.,NNS,end,NA,B,NA,0,0,B,na,i
as,IN,start,DT,NA,B,NA,0,0,B,na,B
the,DT,IN,NN,NA,B,NA,4,0,B,na,B
weekend,NN,DT,NN,Temporal_Concept,B,NA,6,0,B,t,B
pass,NN,NN,NN,Finding,B,NA,0,0,B,na,B
i,NN,NN,VBP,NA,B,NA,0,0,B,na,B
notice,VBP,NN,PRP$,NA,B,NA,0,0,B,na,B
my,PRP$,VBP,NN,NA,B,NA,0,0,B,na,B
face,NN,PRP$,VB,Body_Location_or_Region,B,organ,2,0,B,o,B
be,VB,NN,JJ,NA,B,NA,0,0,B,na,B
weird,JJ,VB,.,NA,B,NA,0,0,B,na,B
.,.,JJ,end,NA,B,NA,0,0,B,na,B
i,NN,start,VBP,NA,B,NA,0,0,B,na,B
cant,VBP,NN,JJ,Finding,B,NA,4,8,B,h,B
close,JJ,VBP,CD,Therapeutic_or_Preventive_Procedure,B,medication,0,0,B,na,i
one,CD,JJ,NN,Quantitative_Concept,B,NA,2,0,B,na,B
eye,NN,CD,RB,Therapeutic_or_Preventive_Procedure,I,medication,2,0,B,o,B
fully,RB,NN,IN,NA,B,NA,0,0,B,na,B
on,IN,RB,PRP,NA,B,NA,0,0,B,na,B
it,PRP,IN,RP,NA,B,NA,0,0,B,na,B
own,RP,PRP,RB,NA,B,NA,0,0,B,na,B
only,RB,RP,IN,Quantitative_Concept,B,NA,0,0,B,na,B
if,IN,RB,VBN,NA,B,NA,0,0,B,na,B
i,VBN,IN,VBP,NA,B,NA,0,0,B,na,B
close,VBP,VBN,DT,Therapeutic_or_Preventive_Procedure,B,medication,0,0,B,na,B
both,DT,VBP,NN,Body_Part_Organ_or_Organ_Component,B,organ,0,0,B,na,B
eye,NN,DT,CC,Therapeutic_or_Preventive_Procedure,I,medication,2,0,B,o,B
and,CC,NN,NN,Idea_or_Concept,B,NA,4,0,B,na,B
use,NN,CC,NN,Intellectual_Product,B,NA,0,0,B,na,B
lot,NN,NN,IN,Idea_or_Concept,B,NA,0,0,B,na,B
of,IN,NN,NN,NA,B,NA,0,0,B,na,i
strength,NN,IN,PRP$,Quantitative_Concept,B,NA,4,7,B,h,i
my,PRP$,NN,JJ,NA,B,NA,0,0,B,na,B
right,JJ,PRP$,NN,Spatial_Concept,B,NA,4,1,B,h,B
eye,NN,JJ,MD,Therapeutic_or_Preventive_Procedure,I,medication,2,0,B,o,i
will,MD,NN,RB,Mental_Process,B,NA,0,0,B,na,B
just,RB,MD,VB,NA,B,NA,0,0,B,na,B
close,VB,RB,IN,Therapeutic_or_Preventive_Procedure,B,medication,0,0,B,na,B
while,IN,VB,PRP$,Idea_or_Concept,B,NA,4,15,B,na,B
my,PRP$,IN,VBP,NA,B,NA,0,0,B,na,B
leave,VBP,PRP$,NN,NA,B,NA,4,1,B,h,B
eye,NN,VBP,NN,Therapeutic_or_Preventive_Procedure,I,medication,2,0,B,o,i
look,NN,NN,IN,Organism_Attribute,B,NA,0,0,B,na,B
as,IN,NN,IN,NA,B,NA,0,0,B,na,B
if,IN,IN,JJ,NA,B,NA,0,0,B,na,B
i,JJ,IN,VB,NA,B,NA,0,0,B,na,B
be,VB,JJ,RB,NA,B,NA,0,0,B,na,B
really,RB,VB,VB,NA,B,NA,0,0,B,na,B
force,VB,RB,PRP,Phenomenon_or_Process,B,NA,0,0,B,na,B
it,PRP,VB,PRP,NA,B,NA,0,0,B,na,B
shut,PRP,PRP,.,NA,B,NA,0,0,B,na,B
.,.,PRP,end,NA,B,NA,0,0,B,na,B
my,PRP$,start,NN,NA,B,NA,0,0,B,na,B
mouth,NN,PRP$,NN,Body_Space_or_Junction,B,NA,2,0,B,o,B
feel,NN,NN,IN,Mental_Process,B,NA,0,0,B,na,B
as,IN,NN,IN,NA,B,NA,0,0,B,na,B
if,IN,IN,NNS,NA,B,NA,0,0,B,na,B
i,NNS,IN,VBP,NA,B,NA,0,0,B,na,B
have,VBP,NNS,VB,Qualitative_Concept,B,NA,0,0,B,na,B
be,VB,VBP,TO,NA,B,NA,0,0,B,na,B
to,TO,VB,DT,NA,B,NA,0,0,B,na,B
the,DT,TO,NN,NA,B,NA,4,0,B,na,B
dentist,NN,DT,IN,Professional_or_Occupational_Group,B,NA,0,0,B,m,B
although,IN,NN,PRP$,NA,B,NA,0,0,B,na,B
its,PRP$,IN,RB,NA,B,NA,0,0,B,na,B
not,RB,PRP$,RB,Functional_Concept,B,NA,4,5,B,h,B
as,RB,RB,JJ,NA,B,NA,0,0,B,na,i
bad,JJ,RB,IN,Qualitative_Concept,B,NA,4,5,B,h,i
as,IN,JJ,DT,NA,B,NA,0,0,B,na,B
some,DT,IN,IN,Quantitative_Concept,B,NA,4,8,B,na,B
of,IN,DT,PRP,NA,B,NA,0,0,B,na,B
you,PRP,IN,IN,NA,B,NA,0,0,B,na,B
in,IN,PRP,RB,NA,B,NA,0,0,B,na,B
here,RB,IN,VBP,NA,B,NA,4,13,B,na,B
have,VBP,RB,VBN,Qualitative_Concept,B,NA,0,0,B,na,B
describe,VBN,VBP,NN,Idea_or_Concept,B,NA,0,0,B,na,B
i,NN,VBN,MD,NA,B,NA,0,0,B,na,B
can,MD,NN,RB,Quantitative_Concept,B,NA,4,8,B,na,B
still,RB,MD,VB,NA,B,NA,0,0,B,na,B
function,VB,RB,RB,Functional_Concept,B,NA,0,0,B,na,B
normally,RB,VB,PRP,NA,B,NA,4,6,B,na,B
it,PRP,RB,RB,NA,B,NA,0,0,B,na,B
just,RB,PRP,VB,NA,B,NA,0,0,B,na,B
feel,VB,RB,RB,Mental_Process,B,NA,0,0,B,na,B
very,RB,VB,JJ,Qualitative_Concept,B,NA,4,0,B,na,i
weird,JJ,RB,.,NA,B,NA,0,0,B,na,i
.,.,JJ,end,NA,B,NA,0,0,B,na,B
i,JJ,start,VBP,NA,B,NA,0,0,B,na,B
think,VBP,JJ,NNS,Mental_Process,B,NA,4,8,B,h,B
i,NNS,VBP,VBP,NA,B,NA,0,0,B,na,B
know,VBP,NNS,WRB,NA,B,NA,0,0,B,na,B
why,WRB,VBP,JJ,NA,B,NA,0,0,B,na,B
i,JJ,WRB,VBP,NA,B,NA,0,0,B,na,B
get,VBP,JJ,PRP,NA,B,NA,0,0,B,na,B
it,PRP,VBP,IN,NA,B,NA,0,0,B,na,B
though,IN,PRP,.,NA,B,NA,4,0,B,na,B
.,.,IN,end,NA,B,NA,0,0,B,na,B
i,NNS,start,VBP,NA,B,NA,0,0,B,na,B
have,VBP,NNS,VBP,Qualitative_Concept,B,NA,0,0,B,na,B
have,VBP,VBP,DT,Qualitative_Concept,B,NA,0,0,B,na,B
a,DT,VBP,JJ,Intellectual_Product,B,NA,0,0,B,na,B
bad,JJ,DT,NN,Qualitative_Concept,B,NA,4,5,B,h,B
flyu,NN,JJ,IN,NA,B,NA,0,0,B,na,i
for,IN,NN,DT,Qualitative_Concept,B,NA,0,0,B,na,B
a,DT,IN,NN,Intellectual_Product,B,NA,0,0,B,na,B
while,NN,DT,CC,Idea_or_Concept,B,NA,4,15,B,h,B
plus,CC,NN,JJ,Qualitative_Concept,B,NA,0,0,B,na,B
i,JJ,CC,VBP,NA,B,NA,0,0,B,na,B
go,VBP,JJ,TO,NA,B,NA,0,0,B,na,B
to,TO,VBP,VB,NA,B,NA,0,0,B,na,B
visit,VB,TO,PRP$,Behavior,B,NA,0,0,B,na,B
my,PRP$,VB,NN,NA,B,NA,0,0,B,na,B
sister,NN,PRP$,CC,Family_Group,B,NA,0,0,B,na,B
and,CC,NN,NN,Idea_or_Concept,B,NA,4,0,B,na,B
nephew,NN,CC,JJ,Family_Group,B,NA,0,0,B,na,B
last,JJ,NN,NN,Qualitative_Concept,B,NA,4,10,B,h,B
weekend,NN,JJ,CC,Temporal_Concept,B,NA,5,0,B,t,i
and,CC,NN,RB,Idea_or_Concept,B,NA,4,0,B,na,B
just,RB,CC,NN,NA,B,NA,0,0,B,na,B
today,NN,RB,JJ,Organic_Chemical,B,NA,5,0,B,t,B
i,JJ,NN,VBP,NA,B,NA,0,0,B,na,B
find,VBP,JJ,RP,Finding,B,NA,0,0,B,na,B
out,RP,VBP,IN,Spatial_Concept,B,NA,3,0,B,na,B
that,IN,RP,PRP$,NA,B,NA,4,0,B,na,B
my,PRP$,IN,NN,NA,B,NA,0,0,B,na,B
sister,NN,PRP$,VBP,Family_Group,B,NA,0,0,B,na,B
have,VBP,NN,VBN,Qualitative_Concept,B,NA,0,0,B,na,B
attract,VBN,VBP,DT,NA,B,NA,0,0,B,na,B
the,DT,VBN,NN,NA,B,NA,4,0,B,na,B
shingle,NN,DT,NN,NA,B,NA,0,0,B,na,B
adult,NN,NN,NN,Age_Group,B,age,0,0,B,na,B
version,NN,NN,IN,Functional_Concept,B,NA,0,0,B,na,B
of,IN,NN,NN,NA,B,NA,0,0,B,na,B
chicken,NN,IN,NN,Disease_or_Syndrome,B,disease,0,0,B,d,B
pox,NN,NN,.,Disease_or_Syndrome,I,disease,0,0,B,d,i
.,.,NN,end,NA,B,NA,0,0,B,na,B
i,NNS,start,VBP,NA,B,NA,0,0,B,na,B
have,VBP,NNS,VBN,Qualitative_Concept,B,NA,0,0,B,na,B
chicken,VBN,VBP,NN,Disease_or_Syndrome,B,disease,0,0,B,d,B
pox,NN,VBN,WRB,Disease_or_Syndrome,I,disease,0,0,B,d,i
when,WRB,NN,NN,Temporal_Concept,B,NA,0,0,B,na,B
i,NN,WRB,VB,NA,B,NA,0,0,B,na,B
be,VB,NN,DT,NA,B,NA,0,0,B,na,B
a,DT,VB,NN,Intellectual_Product,B,NA,0,0,B,na,B
baby,NN,DT,CC,Patient_or_Disabled_Group,B,NA,0,0,B,na,B
but,CC,NN,RB,Mental_or_Behavioral_Dysfunction,B,symptom,4,0,B,na,B
maybe,RB,CC,DT,Finding,B,NA,0,0,B,na,B
the,DT,RB,NN,NA,B,NA,4,0,B,na,B
virus,NN,DT,VBP,Virus,B,NA,0,0,B,na,B
have,VBP,NN,VBN,Qualitative_Concept,B,NA,0,0,B,na,B
attack,VBN,VBP,PRP$,Finding,B,NA,0,0,B,na,B
my,PRP$,VBN,JJ,NA,B,NA,0,0,B,na,B
facial,JJ,PRP$,NN,Body_Part_Organ_or_Organ_Component,B,organ,0,0,B,o,B
nerve,NN,JJ,NN,Body_Part_Organ_or_Organ_Component,I,organ,2,0,B,o,i
somehow.,NN,NN,POS,NA,B,NA,0,0,B,na,B
',POS,NN,NN,NA,B,NA,0,0,B,na,B
],NN,POS,end,NA,B,NA,0,0,B,na,B
[,NN,start,VB,NA,B,NA,0,0,B,na,B
get,VB,NN,DT,NA,B,NA,0,0,B,na,B
a,DT,VB,RB,NA,B,NA,0,0,B,na,B
very,RB,DT,JJ,Qualitative_Concept,B,NA,4,0,B,na,B
light,JJ,RB,VBP,Natural_Phenomenon_or_Process,B,NA,4,8,B,h,B
pink,VBP,JJ,NN,Qualitative_Concept,B,NA,2,0,B,o,i
patch,NN,VBP,IN,Medical_Device,B,device,0,0,B,s,i
on,IN,NN,PRP$,NA,B,NA,0,0,B,na,B
my,PRP$,IN,NN,NA,B,NA,0,0,B,na,B
cheekbone,NN,PRP$,VBP,Body_Part_Organ_or_Organ_Component,B,organ,0,0,B,o,B
have,VBP,NN,PRP,Qualitative_Concept,B,NA,0,0,B,na,B
it,PRP,VBP,DT,NA,B,NA,0,0,B,na,B
a,DT,PRP,JJ,NA,B,NA,0,0,B,na,B
few,JJ,DT,NNS,Quantitative_Concept,B,NA,4,8,B,h,B
months,NNS,JJ,RB,Temporal_Concept,B,NA,5,0,B,t,i
not,RB,NNS,VB,Functional_Concept,B,NA,4,5,B,na,B
change,VB,RB,NN,Functional_Concept,B,NA,0,0,B,na,B
normaly,NN,VB,IN,NA,B,NA,4,6,B,h,B
that,IN,NN,JJ,NA,B,NA,4,0,B,na,i
pale,JJ,IN,JJ,Sign_or_Symptom,B,symptom,0,0,B,s,i
u,JJ,JJ,NN,NA,B,NA,0,0,B,na,B
dont,NN,JJ,NN,NA,B,NA,4,8,B,h,B
notice,NN,NN,PRP,NA,B,NA,0,0,B,na,i
it,PRP,NN,JJ,NA,B,NA,0,0,B,na,B
unlesd,JJ,PRP,JJ,NA,B,NA,0,0,B,na,B
i,JJ,JJ,NN,NA,B,NA,0,0,B,na,B
hot,NN,JJ,CC,Qualitative_Concept,B,NA,0,0,B,na,B
or,CC,NN,IN,NA,B,NA,0,0,B,na,B
in,IN,CC,DT,NA,B,NA,0,0,B,na,B
the,DT,IN,NN,Geographic_Area,B,NA,4,0,B,na,B
sun,NN,DT,RB,Geographic_Area,I,NA,0,0,B,na,B
then,RB,NN,PRP,Temporal_Concept,B,NA,4,0,B,na,B
it,PRP,RB,VB,NA,B,NA,0,0,B,na,B
get,VB,PRP,DT,NA,B,NA,0,0,B,na,B
a,DT,VB,JJ,NA,B,NA,0,0,B,na,B
bite,JJ,DT,NN,Injury_or_Poisoning,B,injury,0,0,B,na,B
redder,NN,JJ,.,NA,B,NA,0,0,B,na,B
.,.,NN,end,NA,B,NA,0,0,B,na,B
there,RB,start,VB,NA,B,NA,4,0,B,na,B
be,VB,RB,JJ,NA,B,NA,0,0,B,na,B
red,JJ,VB,NN,Qualitative_Concept,B,NA,4,15,B,h,B
mark,NN,JJ,IN,Qualitative_Concept,B,NA,0,0,B,na,i
near,IN,NN,PRP$,Qualitative_Concept,B,NA,0,0,B,na,B
my,PRP$,IN,NNS,NA,B,NA,0,0,B,na,B
eyeleads,NNS,PRP$,.,NA,B,NA,0,0,B,o,B
.,.,NNS,end,NA,B,NA,0,0,B,na,B
my,PRP$,start,NN,NA,B,NA,0,0,B,na,B
half,NN,PRP$,NN,Quantitative_Concept,B,NA,0,0,B,na,B
face,NN,NN,VB,Body_Location_or_Region,B,organ,2,0,B,o,B
be,VB,NN,RB,NA,B,NA,0,0,B,na,B
almost,RB,VB,JJ,Qualitative_Concept,B,NA,0,0,B,na,B
red,JJ,RB,.,Qualitative_Concept,B,NA,4,15,B,h,B
.,.,JJ,end,NA,B,NA,0,0,B,na,B
blood,NN,start,NNS,Body_Part_Organ_or_Organ_Component,B,organ,2,0,B,o,B
vessels,NNS,NN,VB,Body_Part_Organ_or_Organ_Component,I,organ,2,0,I,o,i
be,VB,NNS,VBN,NA,B,NA,0,0,B,na,B
visivle,VBN,VB,.,NA,B,NA,0,0,B,na,B
.,.,VBN,end,NA,B,NA,0,0,B,na,B
what,WP,start,VB,NA,B,NA,0,0,B,na,B
be,VB,WP,PRP,NA,B,NA,0,0,B,na,B
it,PRP,VB,.,NA,B,NA,0,0,B,na,B
?,.,PRP,.,NA,B,NA,0,0,B,na,B
?,.,.,'',NA,B,NA,0,0,B,na,B
','',.,end,NA,B,NA,0,0,B,na,B
in,IN,start,DT,NA,B,NA,0,0,B,na,B
the,DT,IN,JJ,Geographic_Area,B,NA,4,0,B,na,B
last,JJ,DT,NN,Qualitative_Concept,B,NA,4,10,B,h,B
year,NN,JJ,RB,Temporal_Concept,B,NA,5,0,B,t,i
i,RB,NN,VBP,NA,B,NA,0,0,B,na,B
have,VBP,RB,VBP,Qualitative_Concept,B,NA,0,0,B,na,B
have,VBP,VBP,DT,Qualitative_Concept,B,NA,0,0,B,na,B
a,DT,VBP,NN,NA,B,NA,0,0,B,na,B
rash,NN,DT,NN,Sign_or_Symptom,B,symptom,1,0,B,s,B
appear,NN,NN,IN,NA,B,NA,0,0,B,na,B
on,IN,NN,PRP$,NA,B,NA,0,0,B,na,B
my,PRP$,IN,NN,NA,B,NA,0,0,B,na,B
foot,NN,PRP$,CC,Body_Part_Organ_or_Organ_Component,B,organ,2,0,B,o,B
and,CC,NN,PRP,Idea_or_Concept,B,NA,4,0,B,na,B
it,PRP,CC,VB,NA,B,NA,0,0,B,na,B
be,VB,PRP,VBN,NA,B,NA,0,0,B,na,B
get,VBN,VB,RB,NA,B,NA,0,0,B,na,B
uncomfortably,RB,VBN,JJ,NA,B,NA,0,0,B,na,B
itchy,JJ,RB,CC,Sign_or_Symptom,B,symptom,1,0,B,s,i
and,CC,JJ,RB,Idea_or_Concept,B,NA,4,0,B,na,B
very,RB,CC,JJ,Qualitative_Concept,B,NA,4,0,B,na,B
red,JJ,RB,CC,Qualitative_Concept,B,NA,4,15,B,h,i
and,CC,JJ,VB,Idea_or_Concept,B,NA,4,0,B,na,B
go,VB,CC,RB,NA,B,NA,0,0,B,na,B
away,RB,VB,IN,NA,B,NA,0,0,B,na,B
in,IN,RB,RB,NA,B,NA,0,0,B,na,B
about,RB,IN,CD,Qualitative_Concept,B,NA,0,0,B,na,B
5,CD,RB,CD,Temporal_Concept,B,NA,0,0,B,h,B
7,CD,CD,NNS,Temporal_Concept,B,NA,0,0,B,h,i
days,NNS,CD,.,Temporal_Concept,I,NA,5,0,B,t,i
.,.,NNS,end,NA,B,NA,0,0,B,na,B
last,JJ,start,NN,Qualitative_Concept,B,NA,4,10,B,h,B
time,NN,JJ,PRP,Temporal_Concept,B,NA,5,0,B,t,i
it,PRP,NN,VBP,NA,B,NA,0,0,B,na,B
turn,VBP,PRP,IN,Finding,B,NA,0,0,B,na,B
into,IN,VBP,DT,Functional_Concept,B,NA,0,0,B,na,B
a,DT,IN,NN,NA,B,NA,0,0,B,na,B
blister,NN,DT,.,Pathologic_Function,B,NA,0,0,B,s,B
?,.,NN,end,NA,B,NA,0,0,B,na,B
i,NN,start,VBP,NA,B,NA,0,0,B,na,B
show,VBP,NN,PRP,Animal,B,NA,0,0,B,na,B
it,PRP,VBP,TO,NA,B,NA,0,0,B,na,B
to,TO,PRP,PRP$,NA,B,NA,0,0,B,na,B
my,PRP$,TO,NN,NA,B,NA,0,0,B,na,B
naturopath,NN,PRP$,CC,Professional_or_Occupational_Group,B,NA,0,0,B,m,B
and,CC,NN,NN,Idea_or_Concept,B,NA,4,0,B,na,B
doctor,NN,CC,PRP,Professional_or_Occupational_Group,B,NA,6,2,B,m,B
they,PRP,NN,VBP,NA,B,NA,4,0,B,na,B
have,VBP,PRP,RB,Qualitative_Concept,B,NA,0,0,B,na,B
never,RB,VBP,VBP,Temporal_Concept,B,NA,4,5,B,h,B
see,VBP,RB,NN,Activity,B,NA,0,0,B,na,i
anything,NN,VBP,IN,NA,B,NA,0,0,B,na,B
like,IN,NN,DT,Mental_Process,B,NA,0,0,B,na,B
that,DT,IN,.,NA,B,NA,4,0,B,na,B
.,.,DT,end,NA,B,NA,0,0,B,na,B
i,RB,start,VB,NA,B,NA,0,0,B,na,B
be,VB,RB,JJ,NA,B,NA,0,0,B,na,B
give,JJ,VB,JJ,Functional_Concept,B,NA,0,0,B,na,B
steroid,JJ,JJ,NN,Chemical_Viewed_Functionally,B,NA,0,0,B,m,B
cream,NN,JJ,CC,Chemical_Viewed_Functionally,I,NA,0,0,B,m,i
but,CC,NN,NN,Mental_or_Behavioral_Dysfunction,B,symptom,4,0,B,na,B
nothing,NN,CC,RB,Finding,B,NA,4,5,B,na,B
really,RB,NN,VB,NA,B,NA,0,0,B,na,B
help,VB,RB,DT,Intellectual_Product,B,NA,0,0,B,na,B
the,DT,VB,JJ,Geographic_Area,B,NA,4,0,B,na,B
first,JJ,DT,JJ,Quantitative_Concept,B,NA,0,0,B,na,B
few,JJ,JJ,NNS,Quantitative_Concept,B,NA,4,8,B,h,i
days,NNS,JJ,PRP,Temporal_Concept,I,NA,5,0,B,t,i
it,PRP,NNS,VB,NA,B,NA,0,0,B,na,B
be,VB,PRP,RB,NA,B,NA,0,0,B,na,B
just,RB,VB,RB,NA,B,NA,0,0,B,na,B
so,RB,RB,VB,NA,B,NA,0,0,B,na,B
irritate,VB,RB,.,NA,B,NA,0,0,B,na,B
?,.,VB,.,NA,B,NA,0,0,B,na,B
?,.,.,end,NA,B,NA,0,0,B,na,B
now,RB,start,PRP$,Temporal_Concept,B,NA,0,0,B,na,B
my,PRP$,RB,NN,NA,B,NA,0,0,B,na,B
face,NN,PRP$,VB,Body_Location_or_Region,B,organ,2,0,B,o,B
be,VB,NN,VBN,NA,B,NA,0,0,B,na,B
turn,VBN,VB,JJ,Finding,B,NA,0,0,B,na,B
red,JJ,VBN,.,Qualitative_Concept,B,NA,4,15,B,h,i
.,.,JJ,end,NA,B,NA,0,0,B,na,B
almost,RB,start,NN,Qualitative_Concept,B,NA,0,0,B,na,B
blood,NN,RB,NNS,Body_Part_Organ_or_Organ_Component,B,organ,2,0,B,o,B
vessels,NNS,NN,VBP,Body_Part_Organ_or_Organ_Component,I,organ,2,0,I,o,i
become,VBP,NNS,JJ,NA,B,NA,0,0,B,na,B
visible,JJ,VBP,.,Qualitative_Concept,B,NA,0,0,B,na,B
.,.,JJ,end,NA,B,NA,0,0,B,na,B
anyone,NN,start,RB,NA,B,NA,0,0,B,na,B
else,RB,NN,RB,Finding,B,NA,0,0,B,na,B
ever,RB,RB,VBP,Temporal_Concept,B,NA,1,0,B,na,B
have,VBP,RB,DT,Qualitative_Concept,B,NA,0,0,B,na,B
this,DT,VBP,NN,Eukaryote,B,NA,4,0,B,na,B
happen,NN,DT,.,Activity,B,NA,0,0,B,na,B
?,.,NN,end,NA,B,NA,0,0,B,na,B
i,NN,start,RB,NA,B,NA,0,0,B,na,B
also,RB,NN,VBP,NA,B,NA,0,0,B,na,B
suffer,VBP,RB,IN,Mental_or_Behavioral_Dysfunction,B,symptom,0,0,B,na,B
with,IN,VBP,NN,Qualitative_Concept,B,NA,4,0,B,na,B
autoamuine,NN,IN,CC,NA,B,NA,0,0,B,d,B
and,CC,NN,NN,Idea_or_Concept,B,NA,4,0,B,na,B
colitis,NN,CC,CC,Disease_or_Syndrome,B,disease,0,0,B,d,i
and,CC,NN,VB,Idea_or_Concept,B,NA,4,0,B,na,B
arthritis.,VB,CC,``,NA,B,NA,3,0,B,d,i
``,``,VB,JJ,NA,B,NA,0,0,B,na,B
],JJ,``,end,NA,B,NA,0,0,B,na,B
[,NN,start,NN,NA,B,NA,0,0,B,na,B
hello,NN,NN,PRP$,NA,B,NA,0,0,B,na,B
my,PRP$,NN,JJ,NA,B,NA,0,0,B,na,B
mri,JJ,PRP$,JJ,Diagnostic_Procedure,B,NA,6,3,B,m,B
scan,JJ,JJ,VB,Diagnostic_Procedure,I,NA,6,3,B,m,i
detect,VB,JJ,DT,Finding,B,NA,0,0,B,na,B
some,DT,VB,NN,Quantitative_Concept,B,NA,4,8,B,na,B
cyst,NN,DT,IN,Disease_or_Syndrome,B,disease,0,0,B,d,B
in,IN,NN,PRP$,NA,B,NA,0,0,B,na,B
my,PRP$,IN,NN,NA,B,NA,0,0,B,na,B
knee,NN,PRP$,.,Body_Part_Organ_or_Organ_Component,B,organ,2,0,B,o,B
.,.,NN,end,NA,B,NA,0,0,B,na,B
i,NN,start,VBP,NA,B,NA,0,0,B,na,B
feel,VBP,NN,DT,Mental_Process,B,NA,0,0,B,na,B
the,DT,VBP,NN,NA,B,NA,4,0,B,na,B
swell,NN,DT,IN,Pathologic_Function,B,NA,1,0,B,s,B
behind,IN,NN,PRP$,Spatial_Concept,B,NA,0,0,B,na,B
your,PRP$,IN,NN,NA,B,NA,0,0,B,na,B
knee,NN,PRP$,.,Body_Part_Organ_or_Organ_Component,B,organ,2,0,B,o,B
.,.,NN,end,NA,B,NA,0,0,B,na,B
i,NN,start,VBP,NA,B,NA,0,0,B,na,B
feel,VBP,NN,DT,Mental_Process,B,NA,0,0,B,na,B
an,DT,VBP,NN,NA,B,NA,0,0,B,na,B
ache,NN,DT,IN,Sign_or_Symptom,B,symptom,1,0,B,s,B
around,IN,NN,DT,Idea_or_Concept,B,NA,0,0,B,na,B
the,DT,IN,JJ,NA,B,NA,4,0,B,na,B
knee,JJ,DT,NN,Body_Part_Organ_or_Organ_Component,B,organ,2,0,B,o,B
area,NN,JJ,.,Spatial_Concept,B,NA,0,0,B,na,i
.,.,NN,end,NA,B,NA,0,0,B,na,B
i,NNS,start,VBP,NA,B,NA,0,0,B,na,B
have,VBP,NNS,RB,Qualitative_Concept,B,NA,0,0,B,na,B
never,RB,VBP,VBP,Temporal_Concept,B,NA,4,5,B,h,B
have,VBP,RB,VBN,Qualitative_Concept,B,NA,0,0,B,na,i
arthritis.,VBN,VBP,POS,NA,B,NA,3,0,B,d,B
',POS,VBN,NN,NA,B,NA,0,0,B,na,B
],NN,POS,end,NA,B,NA,0,0,B,na,B
[,NN,start,IN,NA,B,NA,0,0,B,na,B
in,IN,NN,NNP,NA,B,NA,0,0,B,na,B
september,NNP,IN,PRP$,Temporal_Concept,B,NA,5,1,B,t,B
my,PRP$,NNP,CD,NA,B,NA,0,0,B,na,B
12year,CD,PRP$,JJ,NA,B,NA,0,0,B,h,B
old,JJ,CD,NN,Temporal_Concept,B,NA,4,14,B,h,i
son,NN,JJ,NN,Family_Group,B,NA,4,12,B,na,B
start,NN,NN,JJ,Temporal_Concept,B,NA,0,0,B,na,B
senior,JJ,NN,NN,Idea_or_Concept,B,NA,0,0,B,na,B
school,NN,JJ,CC,Organization,B,NA,0,0,B,na,B
and,CC,NN,VB,Idea_or_Concept,B,NA,4,0,B,na,B
love,VB,CC,PRP,Mental_Process,B,NA,0,0,B,na,B
it,PRP,VB,CD,NA,B,NA,0,0,B,na,B
two,CD,PRP,NNS,Quantitative_Concept,B,NA,0,0,B,h,B
weeks,NNS,CD,RB,Temporal_Concept,B,NA,5,0,B,t,i
later,RB,NNS,PRP,Temporal_Concept,B,NA,4,10,B,h,i
he,PRP,RB,VBD,NA,B,NA,0,0,B,na,B
felt,VBD,PRP,NN,Sign_or_Symptom,B,symptom,0,0,B,s,B
ill,NN,VBD,IN,Sign_or_Symptom,I,symptom,2,0,B,s,i
after,IN,NN,DT,Temporal_Concept,B,NA,4,10,B,h,B
a,DT,IN,NN,NA,B,NA,0,0,B,na,i
week,NN,DT,PRP,Temporal_Concept,B,NA,5,0,B,t,i
we,PRP,NN,VBP,NA,B,NA,0,0,B,na,B
encourage,VBP,PRP,PRP,NA,B,NA,0,0,B,na,B
him,PRP,VBP,TO,NA,B,NA,0,0,B,na,B
to,TO,PRP,VB,NA,B,NA,0,0,B,na,B
go,VB,TO,RB,NA,B,NA,0,0,B,na,B
back,RB,VB,TO,Body_Location_or_Region,B,organ,4,1,B,na,B
to,TO,RB,NN,NA,B,NA,0,0,B,na,B
school,NN,TO,CC,Organization,B,NA,0,0,B,na,B
and,CC,NN,PRP,Idea_or_Concept,B,NA,4,0,B,na,B
he,PRP,CC,VB,NA,B,NA,0,0,B,na,B
get,VB,PRP,JJ,NA,B,NA,0,0,B,na,B
upsetwe,JJ,VB,NN,NA,B,NA,0,0,B,na,B
ask,NN,JJ,WRB,NA,B,NA,0,0,B,na,B
why,WRB,NN,PRP,NA,B,NA,0,0,B,na,B
he,PRP,WRB,VB,NA,B,NA,0,0,B,na,B
have,VB,PRP,DT,Qualitative_Concept,B,NA,0,0,B,na,B
no,DT,VB,NN,NA,B,NA,0,0,B,na,B
reason,NN,DT,RB,Idea_or_Concept,B,NA,0,0,B,na,B
just,RB,NN,IN,NA,B,NA,0,0,B,na,B
afraid,IN,RB,PRP,Mental_Process,B,NA,0,0,B,na,B
he,PRP,IN,VBZ,NA,B,NA,0,0,B,na,B
beg,VBZ,PRP,RB,NA,B,NA,0,0,B,na,B
not,RB,VBZ,TO,Functional_Concept,B,NA,4,5,B,h,B
to,TO,RB,VB,NA,B,NA,0,0,B,na,i
go,VB,TO,PRP,NA,B,NA,0,0,B,na,B
we,PRP,VB,VBP,NA,B,NA,0,0,B,na,B
get,VBP,PRP,PRP,NA,B,NA,0,0,B,na,B
him,PRP,VBP,RB,NA,B,NA,0,0,B,na,B
there,RB,PRP,CC,NA,B,NA,4,0,B,na,B
and,CC,RB,PRP,Idea_or_Concept,B,NA,4,0,B,na,B
he,PRP,CC,MD,NA,B,NA,0,0,B,na,B
would,MD,PRP,VB,NA,B,NA,0,0,B,na,B
cry,VB,MD,CC,Individual_Behavior,B,NA,0,0,B,na,B
and,CC,VB,VB,Idea_or_Concept,B,NA,4,0,B,na,B
beg,VB,CC,RB,NA,B,NA,0,0,B,na,B
not,RB,VB,TO,Functional_Concept,B,NA,4,5,B,na,B
to,TO,RB,VB,NA,B,NA,0,0,B,na,B
be,VB,TO,VB,NA,B,NA,0,0,B,na,B
leave,VB,VB,PRP,NA,B,NA,4,1,B,na,B
he,PRP,VB,VB,NA,B,NA,0,0,B,na,B
end,VB,PRP,RP,Spatial_Concept,B,NA,0,0,B,na,B
up,RP,VB,VB,NA,B,NA,0,0,B,na,B
lose,VB,RP,PRP$,NA,B,NA,0,0,B,na,B
his,PRP$,VB,NN,Pharmacologic_Substance,B,NA,4,12,B,h,i
temper,NN,PRP$,WDT,NA,B,NA,0,0,B,na,i
which,WDT,NN,PRP,NA,B,NA,0,0,B,na,B
we,PRP,WDT,VBP,NA,B,NA,0,0,B,na,B
have,VBP,PRP,RB,Qualitative_Concept,B,NA,0,0,B,na,B
never,RB,VBP,VBP,Temporal_Concept,B,NA,4,5,B,h,B
see,VBP,RB,RB,Activity,B,NA,0,0,B,na,i
slowly,RB,VBP,PRP,Qualitative_Concept,B,NA,4,8,B,h,B
he,PRP,RB,VB,NA,B,NA,0,0,B,na,B
start,VB,PRP,TO,Temporal_Concept,B,NA,0,0,B,na,B
to,TO,VB,VB,NA,B,NA,0,0,B,na,i
change,VB,TO,IN,Functional_Concept,B,NA,0,0,B,na,i
into,IN,VB,DT,Functional_Concept,B,NA,0,0,B,na,B
a,DT,IN,NN,NA,B,NA,0,0,B,na,B
stranger,NN,DT,CD,NA,B,NA,4,8,B,h,B
one,CD,NN,NN,Quantitative_Concept,B,NA,2,0,B,h,B
minute,NN,CD,PRP,Temporal_Concept,B,NA,5,0,B,t,i
he,PRP,NN,MD,NA,B,NA,0,0,B,na,B
would,MD,PRP,VB,NA,B,NA,0,0,B,na,B
be,VB,MD,PRP$,NA,B,NA,0,0,B,na,B
our,PRP$,VB,JJ,NA,B,NA,5,0,B,na,B
normal,JJ,PRP$,NN,Qualitative_Concept,B,NA,4,6,B,h,B
chill,NN,JJ,NN,Sign_or_Symptom,B,symptom,1,0,B,s,B
don,NN,NN,CC,Organic_Chemical,B,NA,0,0,B,na,B
and,CC,NN,RB,Idea_or_Concept,B,NA,4,0,B,na,B
then,RB,CC,PRP,Temporal_Concept,B,NA,4,0,B,na,B
he,PRP,RB,MD,NA,B,NA,0,0,B,na,B
would,MD,PRP,VB,NA,B,NA,0,0,B,na,B
flip,VB,MD,IN,NA,B,NA,0,0,B,na,B
into,IN,VB,CC,Functional_Concept,B,NA,0,0,B,na,B
and,CC,IN,JJ,Idea_or_Concept,B,NA,4,0,B,na,B
craze,JJ,CC,NN,NA,B,NA,0,0,B,na,B
child,NN,JJ,.,Age_Group,B,age,1,0,B,s,i
.,.,NN,end,NA,B,NA,0,0,B,na,B
wear,NN,start,RB,NA,B,NA,0,0,B,na,B
now,RB,NN,CD,Temporal_Concept,B,NA,0,0,B,na,B
six,CD,RB,NNS,Quantitative_Concept,B,NA,0,0,B,h,B
months,NNS,CD,IN,Temporal_Concept,B,NA,5,0,B,t,i
on,IN,NNS,PRP,NA,B,NA,0,0,B,na,B
he,PRP,IN,RB,NA,B,NA,0,0,B,na,B
still,RB,PRP,VBD,NA,B,NA,0,0,B,na,B
wont,VBD,RB,VB,NA,B,NA,4,8,B,h,B
go,VB,VBD,TO,NA,B,NA,0,0,B,na,B
to,TO,VB,NN,NA,B,NA,0,0,B,na,B
school,NN,TO,PRP,Organization,B,NA,0,0,B,na,B
he,PRP,NN,VB,NA,B,NA,0,0,B,na,B
be,VB,PRP,VBP,NA,B,NA,0,0,B,na,B
have,VBP,VB,JJ,Qualitative_Concept,B,NA,0,0,B,na,B
mental,JJ,VBP,NN,Mental_Process,B,NA,0,0,B,na,B
health,NN,JJ,NN,Mental_Process,I,NA,0,0,B,s,i
help,NN,NN,PRP,Intellectual_Product,B,NA,0,0,B,na,B
he,PRP,NN,VBZ,NA,B,NA,0,0,B,na,B
beg,VBZ,PRP,RB,NA,B,NA,0,0,B,na,B
not,RB,VBZ,TO,Functional_Concept,B,NA,4,5,B,h,B
to,TO,RB,VB,NA,B,NA,0,0,B,na,i
be,VB,TO,NN,NA,B,NA,0,0,B,na,i
part,NN,VB,IN,Spatial_Concept,B,NA,0,0,B,na,i
from,IN,NN,PRP,Qualitative_Concept,B,NA,0,0,B,na,B
me,PRP,IN,VBD,NA,B,NA,0,0,B,na,B
bed,VBD,PRP,NN,Manufactured_Object,B,NA,0,0,B,na,B
time,NN,VBD,VB,Temporal_Concept,B,NA,5,0,B,t,B
be,VB,NN,DT,NA,B,NA,0,0,B,na,B
a,DT,VB,NN,NA,B,NA,0,0,B,na,B
nightmare,NN,DT,PRP,Sign_or_Symptom,B,symptom,0,0,B,s,B
he,PRP,NN,VBP,NA,B,NA,0,0,B,na,B
have,VBP,PRP,VBN,Qualitative_Concept,B,NA,0,0,B,na,B
tantrums,VBN,VBP,IN,Mental_or_Behavioral_Dysfunction,B,symptom,0,0,B,s,B
over,IN,VBN,NN,Spatial_Concept,B,NA,0,0,B,na,B
anything,NN,IN,PRP,NA,B,NA,0,0,B,na,B
he,PRP,NN,VBP,NA,B,NA,0,0,B,na,B
do,VBP,PRP,VB,NA,B,NA,0,0,B,na,B
have,VB,VBP,NN,Qualitative_Concept,B,NA,0,0,B,na,B
food,NN,VB,NN,Food,B,food,0,0,B,s,B
issue,NN,NN,CC,Finding,B,NA,2,0,B,o,i
but,CC,NN,PRP,Mental_or_Behavioral_Dysfunction,B,symptom,4,0,B,na,B
he,PRP,CC,RB,NA,B,NA,0,0,B,na,B
constantly,RB,PRP,VBP,Qualitative_Concept,B,NA,0,0,B,na,B
want,VBP,RB,NN,NA,B,NA,4,8,B,na,B
food,NN,VBP,CC,Food,B,food,0,0,B,na,B
and,CC,NN,VB,Idea_or_Concept,B,NA,4,0,B,na,B
get,VB,CC,JJ,NA,B,NA,0,0,B,na,B
angry,JJ,VB,IN,Mental_Process,B,NA,0,0,B,s,i
if,IN,JJ,PRP,NA,B,NA,0,0,B,na,B
it,PRP,IN,VB,NA,B,NA,0,0,B,na,B
be,VB,PRP,RB,NA,B,NA,0,0,B,na,B
not,RB,VB,RB,Functional_Concept,B,NA,4,5,B,h,B
exactly,RB,RB,WP,NA,B,NA,0,0,B,na,i
what,WP,RB,PRP,NA,B,NA,0,0,B,na,B
he,PRP,WP,VBP,NA,B,NA,0,0,B,na,B
want,VBP,PRP,JJ,NA,B,NA,4,8,B,na,B
shoe,JJ,VBP,CC,Manufactured_Object,B,NA,0,0,B,na,B
and,CC,JJ,JJ,Idea_or_Concept,B,NA,4,0,B,na,B
clothe,JJ,CC,VB,Manufactured_Object,B,NA,0,0,B,na,B
be,VB,JJ,VB,NA,B,NA,0,0,B,na,B
be,VB,VB,DT,NA,B,NA,0,0,B,na,B
an,DT,VB,NN,NA,B,NA,0,0,B,na,B
issue,NN,DT,NN,Finding,B,NA,2,0,B,na,B
everyday,NN,NN,CC,NA,B,NA,4,0,B,na,B
and,CC,NN,PRP,Idea_or_Concept,B,NA,4,0,B,na,B
he,PRP,CC,VB,NA,B,NA,0,0,B,na,B
get,VB,PRP,JJ,NA,B,NA,0,0,B,na,B
terrible,JJ,VB,NN,Qualitative_Concept,B,NA,4,2,B,h,B
itches.,NN,JJ,``,NA,B,NA,0,0,B,na,B
``,``,NN,NN,NA,B,NA,0,0,B,na,B
],NN,``,end,NA,B,NA,0,0,B,na,B
[,IN,start,NN,NA,B,NA,0,0,B,na,B
hey,NN,IN,VBP,NA,B,NA,0,0,B,na,B
i,VBP,NN,NN,NA,B,NA,0,0,B,na,B
guy,NN,VBP,NN,NA,B,NA,0,0,B,na,B
i,NN,NN,VBP,NA,B,NA,0,0,B,na,B
fear,VBP,NN,IN,Mental_Process,B,NA,0,0,B,na,B
whether,IN,VBP,NNS,NA,B,NA,0,0,B,na,B
i,NNS,IN,VBP,NA,B,NA,0,0,B,na,B
have,VBP,NNS,NN,Qualitative_Concept,B,NA,0,0,B,na,B
appendicitis,NN,VBP,.,Disease_or_Syndrome,B,disease,0,0,B,d,B
.,.,NN,end,NA,B,NA,0,0,B,na,B
i,NN,start,VBP,NA,B,NA,0,0,B,na,B
feel,VBP,NN,NN,Mental_Process,B,NA,0,0,B,na,B
pain,NN,VBP,IN,Sign_or_Symptom,B,symptom,1,0,B,s,B
in,IN,NN,DT,NA,B,NA,0,0,B,na,B
the,DT,IN,NN,NA,B,NA,4,0,B,na,B
tummy,NN,DT,.,NA,B,NA,0,0,B,o,B
.,.,NN,end,NA,B,NA,0,0,B,na,B
commonly,RB,start,DT,NA,B,NA,0,0,B,na,B
the,DT,RB,NN,NA,B,NA,4,0,B,na,B
pain,NN,DT,NN,Sign_or_Symptom,B,symptom,1,0,B,s,B
start,NN,NN,IN,Temporal_Concept,B,NA,0,0,B,na,B
in,IN,NN,DT,NA,B,NA,0,0,B,na,B
the,DT,IN,NN,NA,B,NA,4,0,B,na,B
middle,NN,DT,IN,Spatial_Concept,B,NA,0,0,B,na,B
of,IN,NN,DT,NA,B,NA,0,0,B,na,i
the,DT,IN,NNS,NA,B,NA,4,0,B,na,i
abdomen,NNS,DT,.,Body_Location_or_Region,B,organ,2,0,B,o,i
.,.,NNS,end,NA,B,NA,0,0,B,na,B
the,DT,start,NN,NA,B,NA,4,0,B,na,B
pain,NN,DT,RB,Sign_or_Symptom,B,symptom,1,0,B,s,B
usually,RB,NN,VB,Intellectual_Product,B,NA,4,6,B,na,B
develop,VB,RB,RB,NA,B,NA,4,7,B,h,B
quickly,RB,VB,IN,NA,B,NA,0,0,B,na,i
over,IN,RB,DT,Spatial_Concept,B,NA,0,0,B,na,B
an,DT,IN,NN,NA,B,NA,0,0,B,na,B
hour,NN,DT,CC,Temporal_Concept,B,NA,5,0,B,t,i
or,CC,NN,RB,NA,B,NA,0,0,B,na,B
so,RB,CC,.,NA,B,NA,0,0,B,na,B
.,.,RB,end,NA,B,NA,0,0,B,na,B
over,IN,start,DT,Spatial_Concept,B,NA,0,0,B,na,B
the,DT,IN,JJ,NA,B,NA,4,0,B,na,B
next,JJ,DT,JJ,Idea_or_Concept,B,NA,4,10,B,h,B
few,JJ,JJ,NNS,Temporal_Concept,B,NA,4,8,B,h,i
hours,NNS,JJ,DT,Temporal_Concept,I,NA,5,0,B,t,i
the,DT,NNS,NN,NA,B,NA,4,0,B,na,B
pain,NN,DT,RB,Sign_or_Symptom,B,symptom,1,0,B,s,B
typically,RB,NN,VBZ,NA,B,NA,0,0,B,na,B
travel,VBZ,RB,TO,Daily_or_Recreational_Activity,B,normal_activity,0,0,B,na,B
to,TO,VBZ,DT,NA,B,NA,0,0,B,na,B
the,DT,TO,JJR,NA,B,NA,4,0,B,na,B
lower,JJR,DT,JJ,Spatial_Concept,B,NA,4,1,B,h,B
right,JJ,JJR,NN,Spatial_Concept,B,NA,4,1,B,h,i
hand,NN,JJ,NN,Body_Part_Organ_or_Organ_Component,I,organ,2,0,B,o,i
side,NN,NN,IN,Spatial_Concept,I,NA,4,1,B,h,B
of,IN,NN,DT,NA,B,NA,0,0,B,na,i
the,DT,IN,NNS,NA,B,NA,4,0,B,na,i
abdomen,NNS,DT,.,Body_Location_or_Region,B,organ,2,0,B,o,i
.,.,NNS,end,NA,B,NA,0,0,B,na,B
the,DT,start,NN,NA,B,NA,4,0,B,na,B
pain,NN,DT,RB,Sign_or_Symptom,B,symptom,1,0,B,s,B
sometimes,RB,NN,VBN,Temporal_Concept,B,NA,4,8,B,h,B
become,VBN,RB,JJ,NA,B,NA,0,0,B,na,B
severe,JJ,VBN,.,Qualitative_Concept,B,NA,4,2,B,h,B
.,.,JJ,end,NA,B,NA,0,0,B,na,B
the,DT,start,NN,NA,B,NA,4,0,B,na,B
pain,NN,DT,NN,Sign_or_Symptom,B,symptom,1,0,B,s,B
tend,NN,NN,TO,NA,B,NA,2,0,B,na,B
to,TO,NN,VB,NA,B,NA,0,0,B,na,B
be,VB,TO,JJR,NA,B,NA,0,0,B,na,B
more,JJR,VB,JJ,Functional_Concept,B,NA,4,7,B,h,B
sharp,JJ,JJR,IN,Finding,B,NA,4,3,B,h,i
if,IN,JJ,JJ,NA,B,NA,0,0,B,na,B
i,JJ,IN,VBP,NA,B,NA,0,0,B,na,B
cough,VBP,JJ,CC,Sign_or_Symptom,B,symptom,1,0,B,s,B
or,CC,VBP,VBP,NA,B,NA,0,0,B,na,B
make,VBP,CC,DT,Functional_Concept,B,NA,0,0,B,na,B
any,DT,VBP,NN,Qualitative_Concept,B,NA,0,0,B,na,B
jar,NN,DT,NNS,Manufactured_Object,B,NA,0,0,B,na,B
movements,NNS,NN,.,Organism_Function,B,symptom,0,0,B,s,i
.,.,NNS,end,NA,B,NA,0,0,B,na,B
i,NNS,start,VBP,NA,B,NA,0,0,B,na,B
have,VBP,NNS,NN,Qualitative_Concept,B,NA,0,0,B,na,B
constipation,NN,VBP,IN,Intellectual_Product,I,NA,1,0,B,s,B
for,IN,NN,DT,Qualitative_Concept,B,NA,0,0,B,na,B
some,DT,IN,JJ,Quantitative_Concept,B,NA,4,8,B,h,B
recent,JJ,DT,NN,Temporal_Concept,B,NA,5,0,B,t,i
days.,NN,JJ,POS,NA,B,NA,0,0,B,t,i
',POS,NN,NN,NA,B,NA,0,0,B,na,B
],NN,POS,end,NA,B,NA,0,0,B,na,B
[,NN,start,NN,NA,B,NA,0,0,B,na,B
hey,NN,NN,RB,NA,B,NA,0,0,B,na,B
there,RB,NN,.,NA,B,NA,4,0,B,na,B
.,.,RB,end,NA,B,NA,0,0,B,na,B
my,PRP$,start,NN,NA,B,NA,0,0,B,na,B
hair,NN,PRP$,NN,Finding,B,NA,2,0,B,o,B
dresser,NN,NN,VB,Finding,I,NA,0,0,B,na,i
detect,VB,NN,DT,Finding,B,NA,0,0,B,na,B
some,DT,VB,NNS,Quantitative_Concept,B,NA,4,8,B,h,B
bald,NNS,DT,VBP,Disease_or_Syndrome,B,disease,0,0,B,d,i
patch,VBP,NNS,IN,Medical_Device,B,device,0,0,B,s,i
on,IN,VBP,PRP$,NA,B,NA,0,0,B,na,B
my,PRP$,IN,NN,NA,B,NA,0,0,B,na,B
head,NN,PRP$,.,Body_Location_or_Region,B,organ,2,0,B,o,B
.,.,NN,end,NA,B,NA,0,0,B,na,B
they,PRP,start,VB,NA,B,NA,4,0,B,na,B
be,VB,PRP,IN,NA,B,NA,0,0,B,na,B
like,IN,VB,JJ,Mental_Process,B,NA,0,0,B,na,B
coin,JJ,IN,NN,Manufactured_Object,B,NA,0,0,B,na,B
size,NN,JJ,.,Spatial_Concept,B,NA,0,0,B,na,B
.,.,NN,end,NA,B,NA,0,0,B,na,B
there,RB,start,VB,NA,B,NA,4,0,B,na,B
be,VB,RB,JJ,NA,B,NA,0,0,B,na,B
mild,JJ,VB,NN,Qualitative_Concept,B,NA,0,0,B,na,B
burn,NN,JJ,CC,Injury_or_Poisoning,B,injury,0,0,B,s,i
or,CC,NN,DT,NA,B,NA,0,0,B,na,B
a,DT,CC,RB,NA,B,NA,0,0,B,na,B
slightly,RB,DT,JJ,Qualitative_Concept,B,NA,4,8,B,h,B
itchy,JJ,RB,NN,Sign_or_Symptom,B,symptom,1,0,B,s,i
feel,NN,JJ,IN,Mental_Process,B,NA,0,0,B,na,B
on,IN,NN,DT,NA,B,NA,0,0,B,na,B
the,DT,IN,NN,NA,B,NA,4,0,B,na,B
bald,NN,DT,NN,Disease_or_Syndrome,B,disease,0,0,B,d,B
patch,NN,NN,.,Medical_Device,B,device,0,0,B,s,i
.,.,NN,end,NA,B,NA,0,0,B,na,B
but,CC,start,DT,Mental_or_Behavioral_Dysfunction,B,symptom,4,0,B,na,B
the,DT,CC,NN,NA,B,NA,4,0,B,na,B
scalp,NN,DT,RB,Body_Part_Organ_or_Organ_Component,B,organ,2,0,B,o,B
usually,RB,NN,VBP,Intellectual_Product,B,NA,4,6,B,na,B
look,VBP,RB,JJ,Organism_Attribute,B,NA,0,0,B,na,B
healthy,JJ,VBP,CC,Qualitative_Concept,B,NA,0,0,B,s,i
and,CC,JJ,EX,Idea_or_Concept,B,NA,4,0,B,na,B
there,EX,CC,VB,NA,B,NA,4,0,B,na,B
be,VB,EX,DT,NA,B,NA,0,0,B,na,B
no,DT,VB,NN,NA,B,NA,0,0,B,na,B
scar,NN,DT,.,Pathologic_Function,B,NA,4,8,B,h,i
.,.,NN,end,NA,B,NA,0,0,B,na,B
they,PRP,start,VB,NA,B,NA,4,0,B,na,B
be,VB,PRP,VBN,NA,B,NA,0,0,B,na,B
develop,VBN,VB,RB,NA,B,NA,4,7,B,h,B
quite,RB,VBN,JJ,NA,B,NA,0,0,B,na,B
quickly.,JJ,RB,'',NA,B,NA,0,0,B,na,B
','',JJ,NN,NA,B,NA,0,0,B,na,B
],NN,'',end,NA,B,NA,0,0,B,na,B
[,NN,start,NNS,NA,B,NA,0,0,B,na,B
i,NNS,NN,VBP,NA,B,NA,0,0,B,na,B
have,VBP,NNS,NN,Qualitative_Concept,B,NA,0,0,B,na,B
tiredness,NN,VBP,CC,Sign_or_Symptom,B,symptom,0,0,B,s,B
and,CC,NN,NN,Idea_or_Concept,B,NA,4,0,B,na,B
weakness,NN,CC,.,Sign_or_Symptom,B,symptom,0,0,B,s,B
.,.,NN,end,NA,B,NA,0,0,B,na,B
i,NNS,start,VBP,NA,B,NA,0,0,B,na,B
have,VBP,NNS,NN,Qualitative_Concept,B,NA,0,0,B,na,B
loss,NN,VBP,IN,Finding,B,NA,1,0,B,s,B
of,IN,NN,JJ,Finding,I,NA,1,0,I,s,i
appetite,JJ,IN,NN,Finding,I,NA,1,0,I,s,i
feel,NN,JJ,JJ,Sign_or_Symptom,B,symptom,0,0,B,na,B
sick,JJ,NN,NN,Sign_or_Symptom,I,symptom,1,0,B,s,i
nausea,NN,JJ,CC,Sign_or_Symptom,B,symptom,1,0,B,s,B
and,CC,NN,VB,Idea_or_Concept,B,NA,4,0,B,na,B
be,VB,CC,JJ,Sign_or_Symptom,B,symptom,0,0,B,na,B
sick,JJ,VB,NN,Sign_or_Symptom,I,symptom,1,0,B,s,B
vomit,NN,JJ,.,Body_Substance,B,organ,1,0,B,s,B
.,.,NN,end,NA,B,NA,0,0,B,na,B
i,NN,start,VBP,NA,B,NA,0,0,B,na,B
lose,VBP,NN,NN,Therapeutic_or_Preventive_Procedure,B,medication,0,0,B,na,B
weight,NN,VBP,.,Therapeutic_or_Preventive_Procedure,I,medication,0,0,B,s,i
.,.,NN,end,NA,B,NA,0,0,B,na,B
there,RB,start,VB,NA,B,NA,4,0,B,na,B
be,VB,RB,DT,Sign_or_Symptom,B,symptom,0,0,B,na,B
a,DT,VB,NN,NA,B,NA,0,0,B,na,B
tendency,NN,DT,TO,Pathologic_Function,B,NA,0,0,B,na,B
to,TO,NN,VB,Pathologic_Function,I,NA,0,0,B,na,i
bleed,VB,TO,CC,Pathologic_Function,I,NA,1,0,B,s,i
and,CC,VB,VB,Idea_or_Concept,B,NA,4,0,B,na,B
bruise,VB,CC,JJR,Injury_or_Poisoning,B,injury,0,0,B,na,B
more,JJR,VB,RB,Functional_Concept,B,NA,4,7,B,h,B
easily,RB,JJR,.,Qualitative_Concept,B,NA,4,5,B,h,i
.,.,RB,end,NA,B,NA,0,0,B,na,B
yellow,NN,start,IN,Qualitative_Concept,B,NA,4,15,B,h,B
of,IN,NN,DT,Finding,I,NA,1,0,I,na,B
the,DT,IN,NN,NA,B,NA,4,0,B,na,B
skin,NN,DT,CC,Body_System,B,organ,2,0,B,o,B
or,CC,NN,DT,NA,B,NA,0,0,B,na,B
the,DT,CC,JJ,NA,B,NA,4,0,B,na,B
white,JJ,DT,IN,Population_Group,B,NA,4,15,B,h,B
of,IN,JJ,DT,Finding,I,NA,1,0,I,na,i
the,DT,IN,NN,NA,B,NA,4,0,B,na,i
eye,NN,DT,VB,Body_Part_Organ_or_Organ_Component,B,organ,2,0,B,o,i
be,VB,NN,RB,Sign_or_Symptom,B,symptom,0,0,B,na,B
there,RB,VB,.,NA,B,NA,4,0,B,na,B
.,.,RB,end,NA,B,NA,0,0,B,na,B
my,PRP$,start,JJ,NA,B,NA,0,0,B,na,B
liver,JJ,PRP$,NN,Body_Part_Organ_or_Organ_Component,B,organ,2,0,B,o,B
test,NN,JJ,NN,Laboratory_Procedure,I,NA,6,3,B,m,i
show,NN,NN,IN,Animal,B,NA,0,0,B,na,B
that,IN,NN,EX,NA,B,NA,4,0,B,na,B
there,EX,IN,VB,NA,B,NA,4,0,B,na,B
be,VB,EX,DT,Sign_or_Symptom,B,symptom,0,0,B,na,B
a,DT,VB,JJ,NA,B,NA,0,0,B,na,B
build,JJ,DT,IN,Conceptual_Entity,B,NA,4,7,B,h,B
up,IN,JJ,IN,NA,B,NA,4,7,I,h,i
of,IN,IN,NNS,Finding,I,NA,1,0,I,s,i
toxins,NNS,IN,.,Hazardous_or_Poisonous_Substance,B,NA,0,0,B,s,i
.,.,NNS,end,NA,B,NA,0,0,B,na,B
my,PRP$,start,NN,NA,B,NA,0,0,B,na,B
liver,NN,PRP$,VBP,Body_Part_Organ_or_Organ_Component,B,organ,2,0,B,o,B
fail,VBP,NN,TO,Functional_Concept,B,NA,0,0,B,na,B
to,TO,VBP,VB,Pathologic_Function,I,NA,0,0,B,na,i
make,VB,TO,JJ,Intellectual_Product,B,NA,0,0,B,na,B
enough,JJ,VB,NNS,NA,B,NA,0,0,B,na,B
proteins,NNS,JJ,JJ,Biologically_Active_Substance,B,NA,0,0,B,o,B
such,JJ,NNS,IN,NA,B,NA,0,0,B,na,B
as,IN,JJ,NN,NA,B,NA,0,0,B,na,B
albumin,NN,IN,WDT,Biologically_Active_Substance,B,NA,0,0,B,o,B
that,WDT,NN,NN,NA,B,NA,4,0,B,na,B
help,NN,WDT,TO,Intellectual_Product,B,NA,0,0,B,na,B
to,TO,NN,VB,Pathologic_Function,I,NA,0,0,B,na,B
regulate,VB,TO,DT,Governmental_or_Regulatory_Activity,B,NA,0,0,B,na,B
the,DT,VB,NN,NA,B,NA,4,0,B,na,B
fluid,NN,DT,NN,Substance,B,NA,0,0,B,na,B
composition,NN,NN,IN,Clinical_Attribute,B,NA,0,0,B,na,B
in,IN,NN,DT,NA,B,NA,0,0,B,na,B
the,DT,IN,NN,NA,B,NA,4,0,B,na,B
bloodstream,NN,DT,CC,Physiologic_Function,B,symptom,0,0,B,s,B
and,CC,NN,NN,Idea_or_Concept,B,NA,4,0,B,na,B
body,NN,CC,.,Anatomical_Structure,B,organ,2,0,B,o,B
.,.,NN,end,NA,B,NA,0,0,B,na,B
it,PRP,start,RB,NA,B,NA,0,0,B,na,B
also,RB,PRP,VBP,NA,B,NA,0,0,B,na,B
fail,VBP,RB,TO,Functional_Concept,B,NA,0,0,B,na,B
to,TO,VBP,VB,Pathologic_Function,I,NA,0,0,B,na,B
make,VB,TO,JJ,Intellectual_Product,B,NA,0,0,B,na,B
enough,JJ,VB,NNS,NA,B,NA,0,0,B,na,B
chemicals,NNS,JJ,VBP,Chemical,B,NA,0,0,B,na,B
need,VBP,NNS,IN,Functional_Concept,B,NA,0,0,B,na,B
for,IN,VBP,NN,Functional_Concept,I,NA,0,0,B,na,B
blood,NN,IN,NN,Organ_or_Tissue_Function,B,NA,2,0,B,o,B
clotting.,NN,NN,POS,NA,B,NA,0,0,B,na,i
',POS,NN,NN,NA,B,NA,0,0,B,na,B
],NN,POS,end,NA,B,NA,0,0,B,na,B
[,NN,start,NNS,NA,B,NA,0,0,B,na,B
i,NNS,NN,VBP,NA,B,NA,0,0,B,na,B
have,VBP,NNS,VBN,Qualitative_Concept,B,NA,0,0,B,na,B
kidney,VBN,VBP,NN,Diagnostic_Procedure,B,NA,2,0,B,o,B
problem,NN,VBN,.,Sign_or_Symptom,I,symptom,0,0,B,s,i
.,.,NN,end,NA,B,NA,0,0,B,na,B
i,NN,start,VB,NA,B,NA,0,0,B,na,B
be,VB,NN,CD,NA,B,NA,0,0,B,na,B
45,CD,VB,NNS,NA,B,NA,0,0,B,h,B
years,NNS,CD,JJ,Temporal_Concept,B,NA,5,0,B,t,i
old,JJ,NNS,.,Temporal_Concept,B,NA,4,14,B,h,i
.,.,JJ,end,NA,B,NA,0,0,B,na,B
my,PRP$,start,NN,NA,B,NA,0,0,B,na,B
kidney,NN,PRP$,NN,Diagnostic_Procedure,B,NA,2,0,B,o,B
biopsy,NN,NN,VB,Diagnostic_Procedure,I,NA,0,0,B,m,i
show,VB,NN,DT,Animal,B,NA,0,0,B,na,B
some,DT,VB,NNS,Quantitative_Concept,B,NA,4,8,B,h,B
complications,NNS,DT,.,Pathologic_Function,B,NA,0,0,B,s,i
.,.,NNS,end,NA,B,NA,0,0,B,na,B
now,RB,start,RB,Intellectual_Product,B,NA,0,0,B,na,B
i,RB,RB,VBP,NA,B,NA,0,0,B,na,B
have,VBP,RB,DT,Qualitative_Concept,B,NA,0,0,B,na,B
a,DT,VBP,JJ,NA,B,NA,0,0,B,na,B
poor,JJ,DT,NN,Sign_or_Symptom,B,symptom,4,5,B,h,B
appetite,NN,JJ,CC,Disease_or_Syndrome,B,disease,0,0,B,s,i
and,CC,NN,JJ,Idea_or_Concept,B,NA,4,0,B,na,B
weight,JJ,CC,NN,Finding,B,NA,1,0,B,s,B
loss,NN,JJ,.,Disease_or_Syndrome,I,disease,1,0,I,s,i
.,.,NN,end,NA,B,NA,0,0,B,na,B
my,PRP$,start,NN,NA,B,NA,0,0,B,na,B
skin,NN,PRP$,VB,Body_System,B,organ,2,0,B,o,B
be,VB,NN,JJ,NA,B,NA,0,0,B,na,B
dry,JJ,VB,CC,Qualitative_Concept,B,NA,1,0,B,s,B
and,CC,JJ,NN,Idea_or_Concept,B,NA,4,0,B,na,B
itchy,NN,CC,.,Sign_or_Symptom,B,symptom,1,0,B,s,B
.,.,NN,end,NA,B,NA,0,0,B,na,B
i,NNS,start,VBP,NA,B,NA,0,0,B,na,B
have,VBP,NNS,NN,Qualitative_Concept,B,NA,0,0,B,na,B
muscle,NN,VBP,NN,Sign_or_Symptom,B,symptom,2,0,B,o,B
cramp,NN,NN,.,Sign_or_Symptom,I,symptom,3,0,B,d,i
.,.,NN,end,NA,B,NA,0,0,B,na,B
fluid,NN,start,NN,Pathologic_Function,B,NA,0,0,B,s,B
retention,NN,NN,WDT,Pathologic_Function,I,NA,0,0,B,s,i
which,WDT,NN,VBP,NA,B,NA,0,0,B,na,B
cause,VBP,WDT,NN,Functional_Concept,B,NA,0,0,B,na,B
swell,NN,VBP,NNS,Pathologic_Function,B,NA,1,0,B,s,B
feet,NNS,NN,CC,Body_Part_Organ_or_Organ_Component,B,organ,2,0,B,o,B
and,CC,NNS,NNS,Idea_or_Concept,B,NA,4,0,B,na,B
ankles,NNS,CC,.,Body_Location_or_Region,B,organ,2,0,B,o,B
.,.,NNS,end,NA,B,NA,0,0,B,na,B
there,RB,start,VB,NA,B,NA,4,0,B,na,B
be,VB,RB,NN,NA,B,NA,0,0,B,na,B
puffiness,NN,VB,IN,NA,B,NA,0,0,B,s,B
around,IN,NN,DT,Idea_or_Concept,B,NA,0,0,B,na,B
the,DT,IN,NN,NA,B,NA,4,0,B,na,B
eye,NN,DT,.,Body_Part_Organ_or_Organ_Component,B,organ,2,0,B,o,B
.,.,NN,end,NA,B,NA,0,0,B,na,B
i,NNS,start,VBP,NA,B,NA,0,0,B,na,B
need,VBP,NNS,TO,Qualitative_Concept,B,NA,0,0,B,na,B
to,TO,VBP,VB,NA,B,NA,0,0,B,na,B
pass,VB,TO,NN,Organism_Function,B,symptom,1,0,B,s,B
urine,NN,VB,RBR,Organism_Function,I,symptom,1,0,I,s,i
more,RBR,NN,RB,Functional_Concept,B,NA,4,7,B,h,i
often,RB,RBR,IN,Temporal_Concept,B,NA,5,0,B,t,i
than,IN,RB,JJ,NA,B,NA,0,0,B,na,i
usual,JJ,IN,.,Qualitative_Concept,B,NA,4,6,B,h,i
.,.,JJ,end,NA,B,NA,0,0,B,na,B
i,NNS,start,VBP,NA,B,NA,0,0,B,na,B
have,VBP,NNS,VBN,Qualitative_Concept,B,NA,0,0,B,na,B
anaemia.,VBN,VBP,POS,NA,B,NA,0,0,B,na,B
',POS,VBN,NN,NA,B,NA,0,0,B,na,B
],NN,POS,end,NA,B,NA,0,0,B,na,B
[,NN,start,NN,NA,B,NA,0,0,B,na,B
i,NN,NN,VBP,NA,B,NA,0,0,B,na,B
live,VBP,NN,IN,Qualitative_Concept,B,NA,2,0,B,na,B
in,IN,VBP,JJ,NA,B,NA,0,0,B,na,B
caribbean,JJ,IN,NN,Geographic_Area,B,NA,0,0,B,na,B
region,NN,JJ,.,Geographic_Area,I,NA,0,0,B,na,i
.,.,NN,end,NA,B,NA,0,0,B,na,B
zika,FW,start,NN,Virus,B,NA,0,0,B,d,B
virus,NN,FW,VB,Virus,I,NA,0,0,B,d,i
be,VB,NN,RB,NA,B,NA,0,0,B,na,B
very,RB,VB,JJ,Qualitative_Concept,B,NA,4,0,B,na,B
common,JJ,RB,RB,Quantitative_Concept,B,NA,4,8,B,h,i
here,RB,JJ,.,NA,B,NA,4,13,B,na,B
.,.,RB,end,NA,B,NA,0,0,B,na,B
i,NNS,start,VBP,NA,B,NA,0,0,B,na,B
have,VBP,NNS,DT,Qualitative_Concept,B,NA,0,0,B,na,B
a,DT,VBP,JJ,NA,B,NA,0,0,B,na,B
high,JJ,DT,NN,Phenomenon_or_Process,B,NA,4,3,B,h,B
temperature,NN,JJ,NNS,Phenomenon_or_Process,I,NA,0,0,B,na,i
feverheadacheaches,NNS,NN,IN,NA,B,NA,0,0,B,na,B
in,IN,NNS,NN,NA,B,NA,0,0,B,na,B
muscle,NN,IN,CC,Tissue,B,NA,2,0,B,o,B
and,CC,NN,NN,Idea_or_Concept,B,NA,4,0,B,na,B
joint,NN,CC,.,Body_Space_or_Junction,B,NA,2,0,B,o,B
.,.,NN,end,NA,B,NA,0,0,B,na,B
i,NNS,start,VBP,NA,B,NA,0,0,B,na,B
have,VBP,NNS,JJ,Qualitative_Concept,B,NA,0,0,B,na,B
painful,JJ,VBP,NN,Sign_or_Symptom,B,symptom,0,0,B,s,B
eye,NN,JJ,CC,Finding,I,NA,2,0,B,o,B
or,CC,NN,JJ,NA,B,NA,0,0,B,na,B
red,JJ,CC,NN,Sign_or_Symptom,B,symptom,4,15,B,h,B
itchy,NN,JJ,NN,Finding,B,NA,1,0,B,s,i
eye,NN,NN,.,Finding,I,NA,2,0,B,o,i
.,.,NN,end,NA,B,NA,0,0,B,na,B
itchy,JJ,start,NN,Finding,B,NA,1,0,B,s,B
rash,NN,JJ,.,Disease_or_Syndrome,I,disease,1,0,B,s,i
.,.,NN,end,NA,B,NA,0,0,B,na,B
feel,VB,start,JJ,Intellectual_Product,B,NA,0,0,B,na,B
weak,JJ,VB,CC,Intellectual_Product,I,NA,1,0,B,s,i
and,CC,JJ,NN,Idea_or_Concept,B,NA,4,0,B,na,B
tire,NN,CC,.,Spatial_Concept,B,NA,1,0,B,s,B
.,.,NN,end,NA,B,NA,0,0,B,na,B
vomitting,VBG,start,VB,NA,B,NA,0,0,B,s,B
be,VB,VBG,RB,NA,B,NA,0,0,B,na,B
also,RB,VB,RB,NA,B,NA,0,0,B,na,B
there,RB,RB,.,NA,B,NA,4,0,B,na,B
.,.,RB,end,NA,B,NA,0,0,B,na,B
my,PRP$,start,NN,NA,B,NA,0,0,B,na,B
partner,NN,PRP$,VB,Population_Group,B,NA,0,0,B,na,B
be,VB,NN,RB,NA,B,NA,0,0,B,na,B
also,RB,VB,JJ,NA,B,NA,0,0,B,na,B
affected.,JJ,RB,'',NA,B,NA,0,0,B,na,B
','',JJ,NN,NA,B,NA,0,0,B,na,B
],NN,'',end,NA,B,NA,0,0,B,na,B
